2026-06-10 08:35:34,344	vi_speaker_merged	INFO	{'train': {'log_interval': 200, 'eval_interval': 3000, 'seed': 52, 'epochs': 10000, 'learning_rate': 0.0003, 'betas': [0.8, 0.99], 'eps': 1e-09, 'batch_size': 6, 'fp16_run': False, 'lr_decay': 0.999875, 'segment_size': 16384, 'init_lr_ratio': 1, 'warmup_epochs': 0, 'c_mel': 45, 'c_kl': 1.0, 'skip_optimizer': True, 'device': 'cuda:0'}, 'data': {'training_files': '/content/vits2-melo/melo/data/vi_speaker_44100_merged/train.list', 'validation_files': '/content/vits2-melo/melo/data/vi_speaker_44100_merged/val.list', 'max_wav_value': 32768.0, 'sampling_rate': 44100, 'filter_length': 2048, 'hop_length': 512, 'win_length': 2048, 'n_mel_channels': 128, 'mel_fmin': 0.0, 'mel_fmax': None, 'add_blank': True, 'n_speakers': 256, 'cleaned_text': True, 'spk2id': {'VI-default': 0}}, 'model': {'use_spk_conditioned_encoder': True, 'use_noise_scaled_mas': True, 'use_mel_posterior_encoder': False, 'use_duration_discriminator': True, 'inter_channels': 192, 'hidden_channels': 192, 'filter_channels': 768, 'n_heads': 2, 'n_layers': 6, 'n_layers_trans_flow': 3, 'kernel_size': 3, 'p_dropout': 0.1, 'resblock': '1', 'resblock_kernel_sizes': [3, 7, 11], 'resblock_dilation_sizes': [[1, 3, 5], [1, 3, 5], [1, 3, 5]], 'upsample_rates': [8, 8, 2, 2, 2], 'upsample_initial_channel': 512, 'upsample_kernel_sizes': [16, 16, 8, 2, 2], 'n_layers_q': 3, 'use_spectral_norm': False, 'gin_channels': 256}, 'device': 'cuda:0', 'num_languages': 10, 'num_tones': 24, 'symbols': ['_', '"', '(', ')', '*', '/', ':', 'AA', 'E', 'EE', 'En', 'N', 'OO', 'Q', 'V', '[', '\\', ']', '^', 'a', 'a:', 'aa', 'ae', 'ah', 'ai', 'an', 'ang', 'ao', 'aw', 'ay', 'b', 'by', 'c', 'ch', 'd', 'dh', 'dy', 'e', 'e:', 'eh', 'ei', 'en', 'eng', 'er', 'ey', 'f', 'g', 'gy', 'h', 'hh', 'hy', 'i', 'i0', 'i:', 'ia', 'ian', 'iang', 'iao', 'ie', 'ih', 'in', 'ing', 'iong', 'ir', 'iu', 'iy', 'j', 'jh', 'k', 'ky', 'l', 'm', 'my', 'n', 'ng', 'ny', 'o', 'o:', 'ong', 'ou', 'ow', 'oy', 'p', 'py', 'q', 'r', 'ry', 's', 'sh', 't', 'th', 'ts', 'ty', 'u', 'u:', 'ua', 'uai', 'uan', 'uang', 'uh', 'ui', 'un', 'uo', 'uw', 'v', 'van', 've', 'vn', 'w', 'x', 'y', 'z', 'zh', 'zy', '~', '¡', '¿', 'æ', 'ç', 'ð', 'ø', 'ŋ', 'œ', 'ɐ', 'ɑ', 'ɒ', 'ɔ', 'ɕ', 'ə', 'ɛ', 'ɜ', 'ɡ', 'ɣ', 'ɥ', 'ɦ', 'ɪ', 'ɫ', 'ɬ', 'ɭ', 'ɯ', 'ɲ', 'ɵ', 'ɸ', 'ɹ', 'ɾ', 'ʁ', 'ʃ', 'ʊ', 'ʌ', 'ʎ', 'ʏ', 'ʑ', 'ʒ', 'ʝ', 'ʲ', 'ˈ', 'ˌ', 'ː', '̃', '̩', 'β', 'θ', 'ᄀ', 'k͡p', 'ˈa', 'ɤ', 'ˈɛ', 'ˈi', 'ă', 'ˈe', 'ʔ', 'ŋ͡m', 'tʰ', 'ɤ̆', 'ᄌ', 'ᄍ', 'ᄎ', 'ᄏ', 'ᄐ', 'ᄑ', 'ᄒ', 'ᅡ', 'ᅢ', 'ᅣ', 'ᅤ', 'ᅥ', 'ᅦ', 'ᅧ', 'ᅨ', 'ᅩ', 'ᅪ', 'ᅫ', 'ᅬ', 'ᅭ', 'ᅮ', 'ᅯ', 'ᅰ', 'ᅱ', 'ᅲ', 'ᅳ', 'ᅴ', 'ᅵ', 'ᆨ', 'ᆫ', 'ᆮ', 'ᆯ', 'ᆷ', 'ᆸ', 'ᆼ', 'ㄸ', '!', '?', '…', ',', '.', "'", '-', 'SP', 'UNK'], 'model_dir': './logs/vi_speaker_merged', 'pretrain_G': None, 'pretrain_D': None, 'pretrain_dur': None, 'port': 10000}
2026-06-10 08:35:34,345	vi_speaker_merged	WARNING	/content/vits2-melo/melo is not a git repository, therefore hash value comparison will be ignored.
2026-06-10 08:35:39,276	vi_speaker_merged	INFO	Loaded checkpoint './logs/vi_speaker_merged/DUR_0.pth' (iteration 1)
2026-06-10 08:35:42,072	vi_speaker_merged	INFO	Loaded checkpoint './logs/vi_speaker_merged/G_0.pth' (iteration 1)
2026-06-10 08:35:44,303	vi_speaker_merged	INFO	Loaded checkpoint './logs/vi_speaker_merged/D_0.pth' (iteration 1)
2026-06-10 08:36:11,053	vi_speaker_merged	INFO	Train Epoch: 1 [0%]
2026-06-10 08:36:11,058	vi_speaker_merged	INFO	[4.483315467834473, 4.744988441467285, 24.187902450561523, 21.824462890625, 2.5763285160064697, 6.533549785614014, 0, 0.0003]
2026-06-10 08:44:31,971	vi_speaker_merged	INFO	Saving model and optimizer state at iteration 1 to ./logs/vi_speaker_merged/G_0.pth
2026-06-10 08:45:56,146	vi_speaker_merged	INFO	Saving model and optimizer state at iteration 1 to ./logs/vi_speaker_merged/D_0.pth
2026-06-10 08:46:38,623	vi_speaker_merged	INFO	Saving model and optimizer state at iteration 1 to ./logs/vi_speaker_merged/DUR_0.pth
2026-06-10 08:53:17,844	vi_speaker_merged	INFO	Train Epoch: 1 [12%]
2026-06-10 08:53:17,847	vi_speaker_merged	INFO	[2.2392284870147705, 2.875579357147217, 22.582597732543945, 18.645437240600586, 2.350102663040161, 2.4708452224731445, 200, 0.0003]
2026-06-10 08:58:58,062	vi_speaker_merged	INFO	Train Epoch: 1 [24%]
2026-06-10 08:58:58,064	vi_speaker_merged	INFO	[2.2070183753967285, 2.6691412925720215, 21.24509620666504, 18.22258949279785, 2.289961338043213, 2.337733030319214, 400, 0.0003]
2026-06-10 09:04:24,536	vi_speaker_merged	INFO	Train Epoch: 1 [36%]
2026-06-10 09:04:24,542	vi_speaker_merged	INFO	[2.3869359493255615, 3.019519805908203, 17.138883590698242, 16.485095977783203, 2.2169947624206543, 2.2255637645721436, 600, 0.0003]
2026-06-10 09:09:50,157	vi_speaker_merged	INFO	Train Epoch: 1 [48%]
2026-06-10 09:09:50,162	vi_speaker_merged	INFO	[2.2912216186523438, 2.636972188949585, 23.358531951904297, 17.947797775268555, 2.093135118484497, 2.2100846767425537, 800, 0.0003]
2026-06-10 09:15:09,483	vi_speaker_merged	INFO	Train Epoch: 1 [60%]
2026-06-10 09:15:09,486	vi_speaker_merged	INFO	[2.4873547554016113, 3.0306410789489746, 21.558923721313477, 19.086925506591797, 2.0835375785827637, 1.778309941291809, 1000, 0.0003]
2026-06-10 09:20:34,890	vi_speaker_merged	INFO	Train Epoch: 1 [72%]
2026-06-10 09:20:34,895	vi_speaker_merged	INFO	[2.3873705863952637, 2.850926637649536, 16.505712509155273, 15.685895919799805, 2.0456831455230713, 1.7521008253097534, 1200, 0.0003]
2026-06-10 09:25:42,577	vi_speaker_merged	INFO	Train Epoch: 1 [84%]
2026-06-10 09:25:43,284	vi_speaker_merged	INFO	[2.1967720985412598, 2.441138982772827, 21.57417106628418, 18.865253448486328, 1.9809726476669312, 2.1401851177215576, 1400, 0.0003]
2026-06-10 09:30:56,050	vi_speaker_merged	INFO	Train Epoch: 1 [96%]
2026-06-10 09:30:56,055	vi_speaker_merged	INFO	[2.156569480895996, 3.1143670082092285, 20.86532211303711, 18.136062622070312, 1.9960672855377197, 1.8977975845336914, 1600, 0.0003]
2026-06-10 09:32:32,673	vi_speaker_merged	INFO	====> Epoch: 1
2026-06-10 09:36:11,647	vi_speaker_merged	INFO	Train Epoch: 2 [8%]
2026-06-10 09:36:11,650	vi_speaker_merged	INFO	[2.029899835586548, 3.260831356048584, 20.18680763244629, 16.810352325439453, 2.0059382915496826, 1.8155306577682495, 1800, 0.0002999625]
2026-06-10 09:41:16,434	vi_speaker_merged	INFO	Train Epoch: 2 [20%]
2026-06-10 09:41:16,436	vi_speaker_merged	INFO	[2.038775682449341, 3.2191579341888428, 19.65867805480957, 17.10700035095215, 1.9170509576797485, 2.1500425338745117, 2000, 0.0002999625]
2026-06-10 09:46:26,936	vi_speaker_merged	INFO	Train Epoch: 2 [32%]
2026-06-10 09:46:26,938	vi_speaker_merged	INFO	[2.4260804653167725, 2.6279680728912354, 20.94409942626953, 19.80634307861328, 1.959101676940918, 1.6211096048355103, 2200, 0.0002999625]
2026-06-10 09:51:46,244	vi_speaker_merged	INFO	Train Epoch: 2 [44%]
2026-06-10 09:51:46,327	vi_speaker_merged	INFO	[2.5626590251922607, 2.7229621410369873, 17.17119598388672, 17.042932510375977, 1.8405818939208984, 1.710543155670166, 2400, 0.0002999625]
2026-06-10 09:56:57,208	vi_speaker_merged	INFO	Train Epoch: 2 [56%]
2026-06-10 09:56:57,214	vi_speaker_merged	INFO	[2.5134644508361816, 2.5641403198242188, 18.95248794555664, 18.711254119873047, 1.8238203525543213, 1.8064683675765991, 2600, 0.0002999625]
2026-06-10 10:02:07,816	vi_speaker_merged	INFO	Train Epoch: 2 [68%]
2026-06-10 10:02:07,819	vi_speaker_merged	INFO	[2.3782477378845215, 2.5926105976104736, 17.809186935424805, 15.78970718383789, 1.8981475830078125, 1.7578449249267578, 2800, 0.0002999625]
2026-06-10 10:07:18,627	vi_speaker_merged	INFO	Train Epoch: 2 [80%]
2026-06-10 10:07:18,633	vi_speaker_merged	INFO	[2.2044169902801514, 3.387989044189453, 20.34015464782715, 18.914939880371094, 1.7846368551254272, 1.6486737728118896, 3000, 0.0002999625]
2026-06-10 10:17:38,424	vi_speaker_merged	INFO	Saving model and optimizer state at iteration 2 to ./logs/vi_speaker_merged/G_3000.pth
2026-06-10 10:18:44,979	vi_speaker_merged	INFO	Saving model and optimizer state at iteration 2 to ./logs/vi_speaker_merged/D_3000.pth
2026-06-10 10:20:06,163	vi_speaker_merged	INFO	Saving model and optimizer state at iteration 2 to ./logs/vi_speaker_merged/DUR_3000.pth
2026-06-10 10:25:23,845	vi_speaker_merged	INFO	Train Epoch: 2 [92%]
2026-06-10 10:25:24,250	vi_speaker_merged	INFO	[2.313373327255249, 3.0359811782836914, 19.089197158813477, 18.039072036743164, 1.9200193881988525, 1.5059312582015991, 3200, 0.0002999625]
2026-06-10 10:28:45,289	vi_speaker_merged	INFO	====> Epoch: 2
2026-06-10 10:30:57,849	vi_speaker_merged	INFO	Train Epoch: 3 [4%]
2026-06-10 10:30:58,753	vi_speaker_merged	INFO	[1.8390907049179077, 3.153095245361328, 22.52239418029785, 19.85418128967285, 1.7979021072387695, 1.5389598608016968, 3400, 0.0002999250046875]
2026-06-10 10:36:33,330	vi_speaker_merged	INFO	Train Epoch: 3 [16%]
2026-06-10 10:36:34,561	vi_speaker_merged	INFO	[2.2597312927246094, 2.7118568420410156, 21.13268280029297, 19.038301467895508, 1.8034241199493408, 1.4229212999343872, 3600, 0.0002999250046875]
2026-06-10 10:42:11,152	vi_speaker_merged	INFO	Train Epoch: 3 [29%]
2026-06-10 10:42:11,157	vi_speaker_merged	INFO	[2.0539662837982178, 3.2191762924194336, 21.720457077026367, 19.797849655151367, 1.7388558387756348, 1.5313045978546143, 3800, 0.0002999250046875]
2026-06-10 10:47:51,656	vi_speaker_merged	INFO	Train Epoch: 3 [41%]
2026-06-10 10:47:51,660	vi_speaker_merged	INFO	[2.1658935546875, 2.698355197906494, 17.01532745361328, 15.89494800567627, 1.796950340270996, 1.455541729927063, 4000, 0.0002999250046875]
2026-06-10 10:53:27,833	vi_speaker_merged	INFO	Train Epoch: 3 [53%]
2026-06-10 10:53:27,844	vi_speaker_merged	INFO	[2.4397640228271484, 2.6929798126220703, 15.493706703186035, 15.562345504760742, 1.7140175104141235, 1.6168185472488403, 4200, 0.0002999250046875]
2026-06-10 10:59:05,610	vi_speaker_merged	INFO	Train Epoch: 3 [65%]
2026-06-10 10:59:05,617	vi_speaker_merged	INFO	[2.403064250946045, 2.6126537322998047, 15.407098770141602, 15.16634464263916, 1.7891900539398193, 1.5793673992156982, 4400, 0.0002999250046875]
2026-06-10 11:04:34,611	vi_speaker_merged	INFO	Train Epoch: 3 [77%]
2026-06-10 11:04:37,367	vi_speaker_merged	INFO	[2.3305673599243164, 2.726369857788086, 19.300588607788086, 19.390153884887695, 1.8015024662017822, 1.3293280601501465, 4600, 0.0002999250046875]
2026-06-10 11:09:59,430	vi_speaker_merged	INFO	Train Epoch: 3 [89%]
2026-06-10 11:09:59,435	vi_speaker_merged	INFO	[2.117135763168335, 2.832780599594116, 17.809396743774414, 16.966312408447266, 1.8329464197158813, 1.506508231163025, 4800, 0.0002999250046875]
2026-06-10 11:14:55,448	vi_speaker_merged	INFO	====> Epoch: 3
2026-06-10 11:15:22,247	vi_speaker_merged	INFO	Train Epoch: 4 [1%]
2026-06-10 11:15:24,349	vi_speaker_merged	INFO	[2.112689971923828, 3.122911214828491, 19.079914093017578, 18.48417854309082, 1.7614126205444336, 1.5655869245529175, 5000, 0.00029988751406191406]
2026-06-10 11:20:54,068	vi_speaker_merged	INFO	Train Epoch: 4 [13%]
2026-06-10 11:20:54,703	vi_speaker_merged	INFO	[2.1835601329803467, 2.9591336250305176, 21.323686599731445, 18.802488327026367, 1.7914447784423828, 1.6097427606582642, 5200, 0.00029988751406191406]
2026-06-10 11:26:13,237	vi_speaker_merged	INFO	Train Epoch: 4 [25%]
2026-06-10 11:26:13,244	vi_speaker_merged	INFO	[1.944981336593628, 3.3254637718200684, 20.549978256225586, 16.58131980895996, 1.7917921543121338, 1.496837854385376, 5400, 0.00029988751406191406]
2026-06-10 11:31:29,416	vi_speaker_merged	INFO	Train Epoch: 4 [37%]
2026-06-10 11:31:29,418	vi_speaker_merged	INFO	[2.1912717819213867, 2.7489848136901855, 18.480327606201172, 19.251798629760742, 1.7212008237838745, 1.3220418691635132, 5600, 0.00029988751406191406]
2026-06-10 11:36:53,302	vi_speaker_merged	INFO	Train Epoch: 4 [49%]
2026-06-10 11:36:53,365	vi_speaker_merged	INFO	[2.039989709854126, 2.7653186321258545, 20.771333694458008, 19.719804763793945, 1.8519799709320068, 1.7011468410491943, 5800, 0.00029988751406191406]
2026-06-10 11:42:16,623	vi_speaker_merged	INFO	Train Epoch: 4 [61%]
2026-06-10 11:42:18,874	vi_speaker_merged	INFO	[2.2491703033447266, 2.6998372077941895, 19.105079650878906, 19.375675201416016, 1.7144997119903564, 1.4889562129974365, 6000, 0.00029988751406191406]
2026-06-10 11:51:31,875	vi_speaker_merged	INFO	Saving model and optimizer state at iteration 4 to ./logs/vi_speaker_merged/G_6000.pth
2026-06-10 11:52:56,070	vi_speaker_merged	INFO	Saving model and optimizer state at iteration 4 to ./logs/vi_speaker_merged/D_6000.pth
2026-06-10 11:54:07,712	vi_speaker_merged	INFO	Saving model and optimizer state at iteration 4 to ./logs/vi_speaker_merged/DUR_6000.pth
2026-06-10 11:59:25,134	vi_speaker_merged	INFO	Train Epoch: 4 [73%]
2026-06-10 11:59:27,772	vi_speaker_merged	INFO	[2.2063469886779785, 2.910942316055298, 17.662817001342773, 16.58578872680664, 1.828525185585022, 1.469244360923767, 6200, 0.00029988751406191406]
2026-06-10 12:04:51,481	vi_speaker_merged	INFO	Train Epoch: 4 [85%]
2026-06-10 12:04:51,486	vi_speaker_merged	INFO	[2.121892213821411, 3.0831732749938965, 19.258472442626953, 16.616779327392578, 1.7488945722579956, 1.699076771736145, 6400, 0.00029988751406191406]
2026-06-10 12:10:15,447	vi_speaker_merged	INFO	Train Epoch: 4 [97%]
2026-06-10 12:10:15,454	vi_speaker_merged	INFO	[2.4163389205932617, 2.4424526691436768, 13.955437660217285, 14.886396408081055, 1.6892738342285156, 1.3263107538223267, 6600, 0.00029988751406191406]
2026-06-10 12:11:35,316	vi_speaker_merged	INFO	====> Epoch: 4
2026-06-10 12:15:58,972	vi_speaker_merged	INFO	Train Epoch: 5 [9%]
2026-06-10 12:15:58,974	vi_speaker_merged	INFO	[2.5020551681518555, 2.963982582092285, 16.20213508605957, 17.157516479492188, 1.8577240705490112, 1.4882193803787231, 6800, 0.00029985002812265633]
2026-06-10 12:21:39,128	vi_speaker_merged	INFO	Train Epoch: 5 [21%]
2026-06-10 12:21:40,772	vi_speaker_merged	INFO	[2.228085517883301, 2.979518413543701, 17.554542541503906, 17.421802520751953, 1.7052721977233887, 1.3950239419937134, 7000, 0.00029985002812265633]
2026-06-10 12:27:12,281	vi_speaker_merged	INFO	Train Epoch: 5 [33%]
2026-06-10 12:27:13,698	vi_speaker_merged	INFO	[2.0414905548095703, 3.0656280517578125, 22.809736251831055, 20.822940826416016, 1.686635971069336, 1.5706655979156494, 7200, 0.00029985002812265633]
2026-06-10 12:32:33,955	vi_speaker_merged	INFO	Train Epoch: 5 [45%]
2026-06-10 12:32:34,136	vi_speaker_merged	INFO	[2.3896946907043457, 2.549319267272949, 17.30087661743164, 18.06825828552246, 1.7351105213165283, 1.3133296966552734, 7400, 0.00029985002812265633]
2026-06-10 12:37:53,558	vi_speaker_merged	INFO	Train Epoch: 5 [57%]
2026-06-10 12:37:53,562	vi_speaker_merged	INFO	[2.289156436920166, 3.191779851913452, 16.29702377319336, 16.42499351501465, 1.805522084236145, 1.342297911643982, 7600, 0.00029985002812265633]
2026-06-10 12:43:26,616	vi_speaker_merged	INFO	Train Epoch: 5 [69%]
2026-06-10 12:43:26,620	vi_speaker_merged	INFO	[2.071141242980957, 3.2872350215911865, 15.60551929473877, 15.396161079406738, 1.7468783855438232, 1.3322370052337646, 7800, 0.00029985002812265633]
2026-06-10 12:48:53,017	vi_speaker_merged	INFO	Train Epoch: 5 [81%]
2026-06-10 12:48:53,211	vi_speaker_merged	INFO	[2.4241979122161865, 3.181504249572754, 16.71843147277832, 17.819860458374023, 1.7300028800964355, 1.1536661386489868, 8000, 0.00029985002812265633]
2026-06-10 12:54:17,039	vi_speaker_merged	INFO	Train Epoch: 5 [93%]
2026-06-10 12:54:17,069	vi_speaker_merged	INFO	[2.5280556678771973, 2.388049602508545, 13.942008018493652, 14.008092880249023, 1.7036159038543701, 1.5651626586914062, 8200, 0.00029985002812265633]
2026-06-10 12:57:17,663	vi_speaker_merged	INFO	====> Epoch: 5
2026-06-10 12:59:53,597	vi_speaker_merged	INFO	Train Epoch: 6 [5%]
2026-06-10 12:59:54,162	vi_speaker_merged	INFO	[2.1577770709991455, 2.7126352787017822, 16.83793067932129, 17.605079650878906, 1.660237431526184, 1.383059024810791, 8400, 0.000299812546869141]
2026-06-10 13:05:31,959	vi_speaker_merged	INFO	Train Epoch: 6 [17%]
2026-06-10 13:05:31,969	vi_speaker_merged	INFO	[2.659071922302246, 2.4385433197021484, 15.888811111450195, 15.46277141571045, 1.7659732103347778, 1.4121851921081543, 8600, 0.000299812546869141]
2026-06-10 13:11:04,486	vi_speaker_merged	INFO	Train Epoch: 6 [29%]
2026-06-10 13:11:04,505	vi_speaker_merged	INFO	[2.1690094470977783, 3.0598223209381104, 20.13810920715332, 18.223081588745117, 1.7030032873153687, 1.367775559425354, 8800, 0.000299812546869141]
2026-06-10 13:16:19,434	vi_speaker_merged	INFO	Train Epoch: 6 [41%]
2026-06-10 13:16:19,439	vi_speaker_merged	INFO	[1.7576186656951904, 2.966935157775879, 20.61566162109375, 19.118972778320312, 1.7870548963546753, 1.4691071510314941, 9000, 0.000299812546869141]
2026-06-10 13:25:07,088	vi_speaker_merged	INFO	Saving model and optimizer state at iteration 6 to ./logs/vi_speaker_merged/G_9000.pth
2026-06-10 13:26:17,947	vi_speaker_merged	INFO	Saving model and optimizer state at iteration 6 to ./logs/vi_speaker_merged/D_9000.pth
2026-06-10 13:27:33,717	vi_speaker_merged	INFO	Saving model and optimizer state at iteration 6 to ./logs/vi_speaker_merged/DUR_9000.pth
2026-06-10 13:27:33,754	vi_speaker_merged	INFO	.. Free up space by deleting ckpt ./logs/vi_speaker_merged/D_3000.pth
2026-06-10 16:07:16,171	vi_speaker_merged	INFO	{'train': {'log_interval': 200, 'eval_interval': 2000, 'seed': 52, 'epochs': 10000, 'learning_rate': 0.0003, 'betas': [0.8, 0.99], 'eps': 1e-09, 'batch_size': 8, 'fp16_run': False, 'lr_decay': 0.999875, 'segment_size': 16384, 'init_lr_ratio': 1, 'warmup_epochs': 0, 'c_mel': 45, 'c_kl': 1.0, 'skip_optimizer': True, 'device': 'cuda:0'}, 'data': {'training_files': '/content/vits2-melo/melo/data/vi_speaker_44100_merged/train.list', 'validation_files': '/content/vits2-melo/melo/data/vi_speaker_44100_merged/val.list', 'max_wav_value': 32768.0, 'sampling_rate': 44100, 'filter_length': 2048, 'hop_length': 512, 'win_length': 2048, 'n_mel_channels': 128, 'mel_fmin': 0.0, 'mel_fmax': None, 'add_blank': True, 'n_speakers': 256, 'cleaned_text': True, 'spk2id': {'VI-default': 0}}, 'model': {'use_spk_conditioned_encoder': True, 'use_noise_scaled_mas': True, 'use_mel_posterior_encoder': False, 'use_duration_discriminator': True, 'inter_channels': 192, 'hidden_channels': 192, 'filter_channels': 768, 'n_heads': 2, 'n_layers': 6, 'n_layers_trans_flow': 3, 'kernel_size': 3, 'p_dropout': 0.1, 'resblock': '1', 'resblock_kernel_sizes': [3, 7, 11], 'resblock_dilation_sizes': [[1, 3, 5], [1, 3, 5], [1, 3, 5]], 'upsample_rates': [8, 8, 2, 2, 2], 'upsample_initial_channel': 512, 'upsample_kernel_sizes': [16, 16, 8, 2, 2], 'n_layers_q': 3, 'use_spectral_norm': False, 'gin_channels': 256}, 'device': 'cuda:0', 'num_languages': 10, 'num_tones': 24, 'symbols': ['_', '"', '(', ')', '*', '/', ':', 'AA', 'E', 'EE', 'En', 'N', 'OO', 'Q', 'V', '[', '\\', ']', '^', 'a', 'a:', 'aa', 'ae', 'ah', 'ai', 'an', 'ang', 'ao', 'aw', 'ay', 'b', 'by', 'c', 'ch', 'd', 'dh', 'dy', 'e', 'e:', 'eh', 'ei', 'en', 'eng', 'er', 'ey', 'f', 'g', 'gy', 'h', 'hh', 'hy', 'i', 'i0', 'i:', 'ia', 'ian', 'iang', 'iao', 'ie', 'ih', 'in', 'ing', 'iong', 'ir', 'iu', 'iy', 'j', 'jh', 'k', 'ky', 'l', 'm', 'my', 'n', 'ng', 'ny', 'o', 'o:', 'ong', 'ou', 'ow', 'oy', 'p', 'py', 'q', 'r', 'ry', 's', 'sh', 't', 'th', 'ts', 'ty', 'u', 'u:', 'ua', 'uai', 'uan', 'uang', 'uh', 'ui', 'un', 'uo', 'uw', 'v', 'van', 've', 'vn', 'w', 'x', 'y', 'z', 'zh', 'zy', '~', '¡', '¿', 'æ', 'ç', 'ð', 'ø', 'ŋ', 'œ', 'ɐ', 'ɑ', 'ɒ', 'ɔ', 'ɕ', 'ə', 'ɛ', 'ɜ', 'ɡ', 'ɣ', 'ɥ', 'ɦ', 'ɪ', 'ɫ', 'ɬ', 'ɭ', 'ɯ', 'ɲ', 'ɵ', 'ɸ', 'ɹ', 'ɾ', 'ʁ', 'ʃ', 'ʊ', 'ʌ', 'ʎ', 'ʏ', 'ʑ', 'ʒ', 'ʝ', 'ʲ', 'ˈ', 'ˌ', 'ː', '̃', '̩', 'β', 'θ', 'ᄀ', 'k͡p', 'ˈa', 'ɤ', 'ˈɛ', 'ˈi', 'ă', 'ˈe', 'ʔ', 'ŋ͡m', 'tʰ', 'ɤ̆', 'ᄌ', 'ᄍ', 'ᄎ', 'ᄏ', 'ᄐ', 'ᄑ', 'ᄒ', 'ᅡ', 'ᅢ', 'ᅣ', 'ᅤ', 'ᅥ', 'ᅦ', 'ᅧ', 'ᅨ', 'ᅩ', 'ᅪ', 'ᅫ', 'ᅬ', 'ᅭ', 'ᅮ', 'ᅯ', 'ᅰ', 'ᅱ', 'ᅲ', 'ᅳ', 'ᅴ', 'ᅵ', 'ᆨ', 'ᆫ', 'ᆮ', 'ᆯ', 'ᆷ', 'ᆸ', 'ᆼ', 'ㄸ', '!', '?', '…', ',', '.', "'", '-', 'SP', 'UNK'], 'model_dir': './logs/vi_speaker_merged', 'pretrain_G': None, 'pretrain_D': None, 'pretrain_dur': None, 'port': 10000}
2026-06-10 16:07:16,171	vi_speaker_merged	WARNING	/content/vits2-melo/melo is not a git repository, therefore hash value comparison will be ignored.
2026-06-10 16:07:21,756	vi_speaker_merged	INFO	Loaded checkpoint './logs/vi_speaker_merged/DUR_9000.pth' (iteration 6)
2026-06-10 16:07:24,179	vi_speaker_merged	INFO	Loaded checkpoint './logs/vi_speaker_merged/G_9000.pth' (iteration 6)
2026-06-10 16:07:25,919	vi_speaker_merged	INFO	Loaded checkpoint './logs/vi_speaker_merged/D_9000.pth' (iteration 6)
2026-06-10 16:14:10,266	vi_speaker_merged	INFO	Train Epoch: 6 [13%]
2026-06-10 16:14:10,272	vi_speaker_merged	INFO	[2.2266294956207275, 2.5603883266448975, 16.94283676147461, 15.920683860778809, 1.7603777647018433, 1.5286144018173218, 6400, 0.0003]
2026-06-10 16:20:48,681	vi_speaker_merged	INFO	Train Epoch: 6 [29%]
2026-06-10 16:20:48,684	vi_speaker_merged	INFO	[1.879876732826233, 3.0363636016845703, 18.346933364868164, 18.669584274291992, 1.6926941871643066, 1.3609544038772583, 6600, 0.0003]
2026-06-10 16:27:20,492	vi_speaker_merged	INFO	Train Epoch: 6 [45%]
2026-06-10 16:27:20,502	vi_speaker_merged	INFO	[2.2342727184295654, 2.6709468364715576, 17.321388244628906, 16.405174255371094, 1.6979269981384277, 1.382189154624939, 6800, 0.0003]
2026-06-10 16:33:55,987	vi_speaker_merged	INFO	Train Epoch: 6 [61%]
2026-06-10 16:33:55,994	vi_speaker_merged	INFO	[1.9550323486328125, 2.8803653717041016, 20.58588981628418, 18.89320182800293, 1.7162710428237915, 1.4785418510437012, 7000, 0.0003]
2026-06-10 16:40:31,312	vi_speaker_merged	INFO	Train Epoch: 6 [77%]
2026-06-10 16:40:31,322	vi_speaker_merged	INFO	[1.901007056236267, 3.2445497512817383, 19.622507095336914, 18.80192756652832, 1.7232667207717896, 1.500826358795166, 7200, 0.0003]
2026-06-10 16:47:00,650	vi_speaker_merged	INFO	Train Epoch: 6 [93%]
2026-06-10 16:47:00,652	vi_speaker_merged	INFO	[2.096999168395996, 2.611421585083008, 17.607810974121094, 17.615093231201172, 1.6543915271759033, 1.5070226192474365, 7400, 0.0003]
2026-06-10 16:49:50,490	vi_speaker_merged	INFO	====> Epoch: 6
2026-06-10 16:53:34,703	vi_speaker_merged	INFO	Train Epoch: 7 [9%]
2026-06-10 16:53:34,709	vi_speaker_merged	INFO	[2.1924376487731934, 2.7456889152526855, 16.80031394958496, 16.828298568725586, 1.6864978075027466, 1.4493809938430786, 7600, 0.0002999625]
2026-06-10 16:59:56,452	vi_speaker_merged	INFO	Train Epoch: 7 [25%]
2026-06-10 16:59:56,458	vi_speaker_merged	INFO	[2.2219913005828857, 2.8390066623687744, 17.444923400878906, 16.922382354736328, 1.7745163440704346, 1.5384289026260376, 7800, 0.0002999625]
2026-06-10 17:06:25,125	vi_speaker_merged	INFO	Train Epoch: 7 [41%]
2026-06-10 17:06:25,130	vi_speaker_merged	INFO	[2.1509156227111816, 2.819653034210205, 17.97835922241211, 17.954545974731445, 1.6784745454788208, 1.4179970026016235, 8000, 0.0002999625]
2026-06-10 17:16:50,503	vi_speaker_merged	INFO	Saving model and optimizer state at iteration 7 to ./logs/vi_speaker_merged/G_8000.pth
2026-06-10 17:17:48,519	vi_speaker_merged	INFO	Saving model and optimizer state at iteration 7 to ./logs/vi_speaker_merged/D_8000.pth
2026-06-10 17:18:39,786	vi_speaker_merged	INFO	Saving model and optimizer state at iteration 7 to ./logs/vi_speaker_merged/DUR_8000.pth
2026-06-10 17:25:16,499	vi_speaker_merged	INFO	Train Epoch: 7 [57%]
2026-06-10 17:25:16,505	vi_speaker_merged	INFO	[2.3421854972839355, 2.40903902053833, 10.752367973327637, 12.550533294677734, 1.75383722782135, 1.402093768119812, 8200, 0.0002999625]
2026-06-10 17:31:47,751	vi_speaker_merged	INFO	Train Epoch: 7 [73%]
2026-06-10 17:31:47,757	vi_speaker_merged	INFO	[2.0866191387176514, 2.951939821243286, 18.401866912841797, 16.794530868530273, 1.6610770225524902, 1.6397011280059814, 8400, 0.0002999625]
2026-06-10 17:38:20,639	vi_speaker_merged	INFO	Train Epoch: 7 [89%]
2026-06-10 17:38:21,202	vi_speaker_merged	INFO	[2.3303778171539307, 2.8276429176330566, 14.864137649536133, 15.9275484085083, 1.7548224925994873, 1.3671987056732178, 8600, 0.0002999625]
2026-06-10 17:42:42,670	vi_speaker_merged	INFO	====> Epoch: 7
2026-06-10 17:45:01,646	vi_speaker_merged	INFO	Train Epoch: 8 [5%]
2026-06-10 17:45:01,653	vi_speaker_merged	INFO	[2.101818561553955, 2.7412526607513428, 18.499706268310547, 16.499902725219727, 1.7177495956420898, 1.4937021732330322, 8800, 0.0002999250046875]
2026-06-10 17:51:32,122	vi_speaker_merged	INFO	Train Epoch: 8 [21%]
2026-06-10 17:51:32,146	vi_speaker_merged	INFO	[2.529426336288452, 2.333301067352295, 13.947537422180176, 14.7625093460083, 1.692493200302124, 1.2637947797775269, 9000, 0.0002999250046875]
2026-06-10 17:58:08,776	vi_speaker_merged	INFO	Train Epoch: 8 [37%]
2026-06-10 17:58:08,781	vi_speaker_merged	INFO	[1.992118000984192, 3.361748218536377, 19.37421226501465, 19.067941665649414, 1.6373871564865112, 1.6311709880828857, 9200, 0.0002999250046875]
2026-06-10 18:04:46,858	vi_speaker_merged	INFO	Train Epoch: 8 [53%]
2026-06-10 18:04:46,864	vi_speaker_merged	INFO	[2.01229190826416, 3.216308832168579, 18.326313018798828, 18.31683921813965, 1.6840472221374512, 1.1985422372817993, 9400, 0.0002999250046875]
2026-06-10 18:11:12,967	vi_speaker_merged	INFO	Train Epoch: 8 [69%]
2026-06-10 18:11:12,974	vi_speaker_merged	INFO	[1.909502625465393, 3.0097479820251465, 17.643924713134766, 17.7508544921875, 1.7310963869094849, 1.2845357656478882, 9600, 0.0002999250046875]
2026-06-10 18:17:45,685	vi_speaker_merged	INFO	Train Epoch: 8 [85%]
2026-06-10 18:17:45,691	vi_speaker_merged	INFO	[2.236860513687134, 2.9573848247528076, 16.583988189697266, 16.949214935302734, 1.7274198532104492, 1.4797899723052979, 9800, 0.0002999250046875]
2026-06-10 18:23:48,306	vi_speaker_merged	INFO	====> Epoch: 8
2026-06-10 18:24:27,084	vi_speaker_merged	INFO	Train Epoch: 9 [1%]
2026-06-10 18:24:27,227	vi_speaker_merged	INFO	[2.1053946018218994, 3.0751774311065674, 17.581104278564453, 17.646827697753906, 1.68684720993042, 1.5341269969940186, 10000, 0.00029988751406191406]
2026-06-10 18:32:54,378	vi_speaker_merged	INFO	Saving model and optimizer state at iteration 9 to ./logs/vi_speaker_merged/G_10000.pth
2026-06-10 18:33:56,378	vi_speaker_merged	INFO	Saving model and optimizer state at iteration 9 to ./logs/vi_speaker_merged/D_10000.pth
2026-06-10 18:34:58,281	vi_speaker_merged	INFO	Saving model and optimizer state at iteration 9 to ./logs/vi_speaker_merged/DUR_10000.pth
2026-06-10 18:35:00,265	vi_speaker_merged	INFO	.. Free up space by deleting ckpt ./logs/vi_speaker_merged/D_9000.pth
2026-06-10 18:41:37,349	vi_speaker_merged	INFO	Train Epoch: 9 [17%]
2026-06-10 18:41:38,660	vi_speaker_merged	INFO	[2.0117404460906982, 2.9870498180389404, 18.56981086730957, 16.8277530670166, 1.7067365646362305, 1.5394207239151, 10200, 0.00029988751406191406]
2026-06-10 18:48:28,705	vi_speaker_merged	INFO	Train Epoch: 9 [33%]
2026-06-10 18:48:28,859	vi_speaker_merged	INFO	[2.135946035385132, 2.9048984050750732, 18.469568252563477, 17.823230743408203, 1.621783971786499, 1.3718408346176147, 10400, 0.00029988751406191406]
2026-06-10 18:55:25,113	vi_speaker_merged	INFO	Train Epoch: 9 [49%]
2026-06-10 18:55:25,119	vi_speaker_merged	INFO	[2.335660219192505, 2.5843749046325684, 12.265531539916992, 13.363444328308105, 1.7060303688049316, 1.4955027103424072, 10600, 0.00029988751406191406]
2026-06-10 19:02:20,698	vi_speaker_merged	INFO	Train Epoch: 9 [65%]
2026-06-10 19:02:21,219	vi_speaker_merged	INFO	[2.385157585144043, 2.5662341117858887, 13.940536499023438, 14.033490180969238, 1.6794787645339966, 1.2592260837554932, 10800, 0.00029988751406191406]
2026-06-10 19:09:23,793	vi_speaker_merged	INFO	Train Epoch: 9 [81%]
2026-06-10 19:09:24,273	vi_speaker_merged	INFO	[2.0709428787231445, 2.7006967067718506, 16.79189109802246, 17.593647003173828, 1.6440703868865967, 1.2687016725540161, 11000, 0.00029988751406191406]
2026-06-10 19:16:35,000	vi_speaker_merged	INFO	Train Epoch: 9 [97%]
2026-06-10 19:16:35,802	vi_speaker_merged	INFO	[2.315289258956909, 2.3260297775268555, 12.472079277038574, 13.6494140625, 1.6992361545562744, 1.3934980630874634, 11200, 0.00029988751406191406]
2026-06-10 19:17:35,405	vi_speaker_merged	INFO	====> Epoch: 9
2026-06-10 19:23:53,496	vi_speaker_merged	INFO	Train Epoch: 10 [13%]
2026-06-10 19:23:54,214	vi_speaker_merged	INFO	[2.115797519683838, 2.7420809268951416, 16.41804313659668, 15.827881813049316, 1.6921930313110352, 1.5917186737060547, 11400, 0.00029985002812265633]
2026-06-10 19:31:09,423	vi_speaker_merged	INFO	Train Epoch: 10 [29%]
2026-06-10 19:31:09,435	vi_speaker_merged	INFO	[2.1233327388763428, 2.728379011154175, 16.838436126708984, 17.865129470825195, 1.6929186582565308, 1.4648544788360596, 11600, 0.00029985002812265633]
2026-06-10 19:38:15,527	vi_speaker_merged	INFO	Train Epoch: 10 [46%]
2026-06-10 19:38:15,536	vi_speaker_merged	INFO	[2.077402353286743, 2.876699447631836, 18.429746627807617, 16.829317092895508, 1.6344085931777954, 0.9389724731445312, 11800, 0.00029985002812265633]
2026-06-10 19:45:12,092	vi_speaker_merged	INFO	Train Epoch: 10 [62%]
2026-06-10 19:45:12,094	vi_speaker_merged	INFO	[2.237288236618042, 2.812861680984497, 15.487558364868164, 15.257803916931152, 1.7464462518692017, 1.4052468538284302, 12000, 0.00029985002812265633]
2026-06-10 19:53:56,689	vi_speaker_merged	INFO	Saving model and optimizer state at iteration 10 to ./logs/vi_speaker_merged/G_12000.pth
2026-06-10 19:55:08,266	vi_speaker_merged	INFO	Saving model and optimizer state at iteration 10 to ./logs/vi_speaker_merged/D_12000.pth
2026-06-10 19:56:33,438	vi_speaker_merged	INFO	Saving model and optimizer state at iteration 10 to ./logs/vi_speaker_merged/DUR_12000.pth
2026-06-10 19:56:33,501	vi_speaker_merged	INFO	.. Free up space by deleting ckpt ./logs/vi_speaker_merged/DUR_9000.pth
2026-06-10 19:56:33,505	vi_speaker_merged	INFO	.. Free up space by deleting ckpt ./logs/vi_speaker_merged/D_8000.pth
2026-06-10 20:03:15,726	vi_speaker_merged	INFO	Train Epoch: 10 [78%]
2026-06-10 20:03:15,729	vi_speaker_merged	INFO	[2.101247549057007, 2.7041516304016113, 16.01736831665039, 15.836578369140625, 1.687058448791504, 1.5709261894226074, 12200, 0.00029985002812265633]
2026-06-10 20:10:21,170	vi_speaker_merged	INFO	Train Epoch: 10 [94%]
2026-06-10 20:10:21,211	vi_speaker_merged	INFO	[2.109182119369507, 2.784635305404663, 15.56123161315918, 16.757822036743164, 1.6981239318847656, 1.5231506824493408, 12400, 0.00029985002812265633]
2026-06-10 20:13:03,184	vi_speaker_merged	INFO	====> Epoch: 10
2026-06-10 20:17:34,448	vi_speaker_merged	INFO	Train Epoch: 11 [10%]
2026-06-10 20:17:34,455	vi_speaker_merged	INFO	[2.127899408340454, 2.718580484390259, 16.47394371032715, 15.645834922790527, 1.680342435836792, 1.37501859664917, 12600, 0.000299812546869141]
2026-06-10 20:25:13,275	vi_speaker_merged	INFO	Train Epoch: 11 [26%]
2026-06-10 20:25:13,287	vi_speaker_merged	INFO	[2.0966198444366455, 2.8313310146331787, 17.86631202697754, 17.34825325012207, 1.7187321186065674, 1.6489882469177246, 12800, 0.000299812546869141]
2026-06-10 20:32:45,748	vi_speaker_merged	INFO	Train Epoch: 11 [42%]
2026-06-10 20:32:45,751	vi_speaker_merged	INFO	[2.1858506202697754, 2.7574715614318848, 15.83077621459961, 16.265600204467773, 1.7038064002990723, 1.54723060131073, 13000, 0.000299812546869141]
2026-06-11 05:52:03,901	vi_speaker_merged	INFO	{'train': {'log_interval': 200, 'eval_interval': 2000, 'seed': 52, 'epochs': 10000, 'learning_rate': 0.0003, 'betas': [0.8, 0.99], 'eps': 1e-09, 'batch_size': 8, 'fp16_run': False, 'lr_decay': 0.999875, 'segment_size': 16384, 'init_lr_ratio': 1, 'warmup_epochs': 0, 'c_mel': 45, 'c_kl': 1.0, 'skip_optimizer': True, 'device': 'cuda:0'}, 'data': {'training_files': '/content/vits2-melo/melo/data/vi_speaker_44100_merged/train.list', 'validation_files': '/content/vits2-melo/melo/data/vi_speaker_44100_merged/val.list', 'max_wav_value': 32768.0, 'sampling_rate': 44100, 'filter_length': 2048, 'hop_length': 512, 'win_length': 2048, 'n_mel_channels': 128, 'mel_fmin': 0.0, 'mel_fmax': None, 'add_blank': True, 'n_speakers': 256, 'cleaned_text': True, 'spk2id': {'VI-default': 0}}, 'model': {'use_spk_conditioned_encoder': True, 'use_noise_scaled_mas': True, 'use_mel_posterior_encoder': False, 'use_duration_discriminator': True, 'inter_channels': 192, 'hidden_channels': 192, 'filter_channels': 768, 'n_heads': 2, 'n_layers': 6, 'n_layers_trans_flow': 3, 'kernel_size': 3, 'p_dropout': 0.1, 'resblock': '1', 'resblock_kernel_sizes': [3, 7, 11], 'resblock_dilation_sizes': [[1, 3, 5], [1, 3, 5], [1, 3, 5]], 'upsample_rates': [8, 8, 2, 2, 2], 'upsample_initial_channel': 512, 'upsample_kernel_sizes': [16, 16, 8, 2, 2], 'n_layers_q': 3, 'use_spectral_norm': False, 'gin_channels': 256}, 'device': 'cuda:0', 'num_languages': 10, 'num_tones': 24, 'symbols': ['_', '"', '(', ')', '*', '/', ':', 'AA', 'E', 'EE', 'En', 'N', 'OO', 'Q', 'V', '[', '\\', ']', '^', 'a', 'a:', 'aa', 'ae', 'ah', 'ai', 'an', 'ang', 'ao', 'aw', 'ay', 'b', 'by', 'c', 'ch', 'd', 'dh', 'dy', 'e', 'e:', 'eh', 'ei', 'en', 'eng', 'er', 'ey', 'f', 'g', 'gy', 'h', 'hh', 'hy', 'i', 'i0', 'i:', 'ia', 'ian', 'iang', 'iao', 'ie', 'ih', 'in', 'ing', 'iong', 'ir', 'iu', 'iy', 'j', 'jh', 'k', 'ky', 'l', 'm', 'my', 'n', 'ng', 'ny', 'o', 'o:', 'ong', 'ou', 'ow', 'oy', 'p', 'py', 'q', 'r', 'ry', 's', 'sh', 't', 'th', 'ts', 'ty', 'u', 'u:', 'ua', 'uai', 'uan', 'uang', 'uh', 'ui', 'un', 'uo', 'uw', 'v', 'van', 've', 'vn', 'w', 'x', 'y', 'z', 'zh', 'zy', '~', '¡', '¿', 'æ', 'ç', 'ð', 'ø', 'ŋ', 'œ', 'ɐ', 'ɑ', 'ɒ', 'ɔ', 'ɕ', 'ə', 'ɛ', 'ɜ', 'ɡ', 'ɣ', 'ɥ', 'ɦ', 'ɪ', 'ɫ', 'ɬ', 'ɭ', 'ɯ', 'ɲ', 'ɵ', 'ɸ', 'ɹ', 'ɾ', 'ʁ', 'ʃ', 'ʊ', 'ʌ', 'ʎ', 'ʏ', 'ʑ', 'ʒ', 'ʝ', 'ʲ', 'ˈ', 'ˌ', 'ː', '̃', '̩', 'β', 'θ', 'ᄀ', 'k͡p', 'ˈa', 'ɤ', 'ˈɛ', 'ˈi', 'ă', 'ˈe', 'ʔ', 'ŋ͡m', 'tʰ', 'ɤ̆', 'ᄌ', 'ᄍ', 'ᄎ', 'ᄏ', 'ᄐ', 'ᄑ', 'ᄒ', 'ᅡ', 'ᅢ', 'ᅣ', 'ᅤ', 'ᅥ', 'ᅦ', 'ᅧ', 'ᅨ', 'ᅩ', 'ᅪ', 'ᅫ', 'ᅬ', 'ᅭ', 'ᅮ', 'ᅯ', 'ᅰ', 'ᅱ', 'ᅲ', 'ᅳ', 'ᅴ', 'ᅵ', 'ᆨ', 'ᆫ', 'ᆮ', 'ᆯ', 'ᆷ', 'ᆸ', 'ᆼ', 'ㄸ', '!', '?', '…', ',', '.', "'", '-', 'SP', 'UNK'], 'model_dir': './logs/vi_speaker_merged', 'pretrain_G': None, 'pretrain_D': None, 'pretrain_dur': None, 'port': 10000}
2026-06-11 05:52:03,905	vi_speaker_merged	WARNING	/content/vits2-melo/melo is not a git repository, therefore hash value comparison will be ignored.
2026-06-11 05:52:09,553	vi_speaker_merged	INFO	Loaded checkpoint './logs/vi_speaker_merged/DUR_12000.pth' (iteration 10)
2026-06-11 05:52:12,711	vi_speaker_merged	INFO	Loaded checkpoint './logs/vi_speaker_merged/G_12000.pth' (iteration 10)
2026-06-11 05:52:14,956	vi_speaker_merged	INFO	Loaded checkpoint './logs/vi_speaker_merged/D_12000.pth' (iteration 10)
2026-06-11 05:59:43,988	vi_speaker_merged	INFO	Train Epoch: 10 [13%]
2026-06-11 05:59:43,992	vi_speaker_merged	INFO	[2.2718939781188965, 2.8700361251831055, 18.649829864501953, 16.509157180786133, 1.6566115617752075, 1.2662180662155151, 11400, 0.0003]
2026-06-11 06:07:08,306	vi_speaker_merged	INFO	Train Epoch: 10 [29%]
2026-06-11 06:07:08,315	vi_speaker_merged	INFO	[2.1208853721618652, 3.0069260597229004, 17.232860565185547, 16.047544479370117, 1.7101271152496338, 1.7339621782302856, 11600, 0.0003]
2026-06-11 06:14:14,766	vi_speaker_merged	INFO	Train Epoch: 10 [46%]
2026-06-11 06:14:14,772	vi_speaker_merged	INFO	[1.9261021614074707, 3.032557487487793, 18.402774810791016, 18.59148406982422, 1.6627185344696045, 1.2957454919815063, 11800, 0.0003]
2026-06-11 06:21:18,521	vi_speaker_merged	INFO	Train Epoch: 10 [62%]
2026-06-11 06:21:18,526	vi_speaker_merged	INFO	[2.1206092834472656, 2.791611671447754, 14.823259353637695, 14.864519119262695, 1.732174038887024, 1.4972097873687744, 12000, 0.0003]
2026-06-11 06:32:46,135	vi_speaker_merged	INFO	Saving model and optimizer state at iteration 10 to ./logs/vi_speaker_merged/G_12000.pth
2026-06-11 06:33:50,954	vi_speaker_merged	INFO	Saving model and optimizer state at iteration 10 to ./logs/vi_speaker_merged/D_12000.pth
2026-06-11 06:35:05,996	vi_speaker_merged	INFO	Saving model and optimizer state at iteration 10 to ./logs/vi_speaker_merged/DUR_12000.pth
2026-06-11 06:42:31,430	vi_speaker_merged	INFO	Train Epoch: 10 [78%]
2026-06-11 06:42:31,439	vi_speaker_merged	INFO	[2.2146682739257812, 3.1069467067718506, 18.112567901611328, 17.900768280029297, 1.6796760559082031, 1.2037538290023804, 12200, 0.0003]
2026-06-11 06:49:59,050	vi_speaker_merged	INFO	Train Epoch: 10 [94%]
2026-06-11 06:49:59,054	vi_speaker_merged	INFO	[2.111198663711548, 2.986647605895996, 16.54029655456543, 16.192501068115234, 1.6972802877426147, 1.1682573556900024, 12400, 0.0003]
2026-06-11 06:52:50,817	vi_speaker_merged	INFO	====> Epoch: 10
2026-06-11 06:57:23,854	vi_speaker_merged	INFO	Train Epoch: 11 [10%]
2026-06-11 06:57:23,859	vi_speaker_merged	INFO	[2.1550142765045166, 2.5913331508636475, 15.020397186279297, 15.882027626037598, 1.659247875213623, 1.5237199068069458, 12600, 0.0002999625]
2026-06-11 07:04:49,777	vi_speaker_merged	INFO	Train Epoch: 11 [26%]
2026-06-11 07:04:49,780	vi_speaker_merged	INFO	[1.7685338258743286, 3.192744731903076, 19.50433349609375, 18.512311935424805, 1.6706371307373047, 1.654296875, 12800, 0.0002999625]
2026-06-11 07:12:17,011	vi_speaker_merged	INFO	Train Epoch: 11 [42%]
2026-06-11 07:12:17,014	vi_speaker_merged	INFO	[2.0163795948028564, 3.037158489227295, 18.12371063232422, 17.086692810058594, 1.6430602073669434, 1.5847046375274658, 13000, 0.0002999625]
2026-06-11 07:19:39,808	vi_speaker_merged	INFO	Train Epoch: 11 [58%]
2026-06-11 07:19:39,811	vi_speaker_merged	INFO	[2.0613460540771484, 3.085721015930176, 19.12761116027832, 18.220619201660156, 1.6406426429748535, 1.475844383239746, 13200, 0.0002999625]
2026-06-11 07:26:40,440	vi_speaker_merged	INFO	Train Epoch: 11 [74%]
2026-06-11 07:26:40,444	vi_speaker_merged	INFO	[2.3158202171325684, 2.586012363433838, 14.301538467407227, 14.803466796875, 1.6538467407226562, 1.2305279970169067, 13400, 0.0002999625]
2026-06-11 07:33:41,901	vi_speaker_merged	INFO	Train Epoch: 11 [90%]
2026-06-11 07:33:41,904	vi_speaker_merged	INFO	[1.9936093091964722, 3.214366912841797, 18.80641746520996, 17.311315536499023, 1.6301097869873047, 1.127724528312683, 13600, 0.0002999625]
2026-06-11 07:38:10,719	vi_speaker_merged	INFO	====> Epoch: 11
2026-06-11 07:41:00,960	vi_speaker_merged	INFO	Train Epoch: 12 [6%]
2026-06-11 07:41:00,996	vi_speaker_merged	INFO	[2.244581699371338, 2.680936098098755, 16.821365356445312, 17.321353912353516, 1.6630711555480957, 1.1209551095962524, 13800, 0.0002999250046875]
2026-06-11 07:48:27,630	vi_speaker_merged	INFO	Train Epoch: 12 [22%]
2026-06-11 07:48:27,639	vi_speaker_merged	INFO	[2.3443729877471924, 2.6401548385620117, 12.736687660217285, 14.180084228515625, 1.6846667528152466, 1.331107497215271, 14000, 0.0002999250046875]
2026-06-11 07:58:29,091	vi_speaker_merged	INFO	Saving model and optimizer state at iteration 12 to ./logs/vi_speaker_merged/G_14000.pth
2026-06-11 07:59:44,613	vi_speaker_merged	INFO	Saving model and optimizer state at iteration 12 to ./logs/vi_speaker_merged/D_14000.pth
2026-06-11 08:00:58,503	vi_speaker_merged	INFO	Saving model and optimizer state at iteration 12 to ./logs/vi_speaker_merged/DUR_14000.pth
2026-06-11 08:08:52,512	vi_speaker_merged	INFO	Train Epoch: 12 [38%]
2026-06-11 08:08:52,551	vi_speaker_merged	INFO	[2.120185136795044, 3.012320041656494, 14.416810035705566, 15.278974533081055, 1.6696580648422241, 1.4752999544143677, 14200, 0.0002999250046875]
2026-06-11 08:17:17,754	vi_speaker_merged	INFO	Train Epoch: 12 [54%]
2026-06-11 08:17:19,754	vi_speaker_merged	INFO	[1.9384186267852783, 3.013892889022827, 19.050769805908203, 17.43177604675293, 1.6982134580612183, 1.4616986513137817, 14400, 0.0002999250046875]
2026-06-11 08:25:33,708	vi_speaker_merged	INFO	Train Epoch: 12 [70%]
2026-06-11 08:25:36,311	vi_speaker_merged	INFO	[2.093142509460449, 2.7606568336486816, 18.60066032409668, 16.563365936279297, 1.6604392528533936, 1.5200778245925903, 14600, 0.0002999250046875]
2026-06-11 08:33:55,455	vi_speaker_merged	INFO	Train Epoch: 12 [86%]
2026-06-11 08:33:56,200	vi_speaker_merged	INFO	[2.1251912117004395, 2.9025449752807617, 16.098527908325195, 16.445838928222656, 1.707482933998108, 1.443798542022705, 14800, 0.0002999250046875]
2026-06-11 08:41:21,067	vi_speaker_merged	INFO	====> Epoch: 12
2026-06-11 08:42:29,570	vi_speaker_merged	INFO	Train Epoch: 13 [2%]
2026-06-11 08:42:30,828	vi_speaker_merged	INFO	[1.9699503183364868, 3.195906162261963, 17.893375396728516, 17.754478454589844, 1.6539223194122314, 1.4765461683273315, 15000, 0.00029988751406191406]
2026-06-11 08:50:52,803	vi_speaker_merged	INFO	Train Epoch: 13 [18%]
2026-06-11 08:50:55,688	vi_speaker_merged	INFO	[2.1953864097595215, 2.956362724304199, 17.550405502319336, 16.597496032714844, 1.6773040294647217, 1.4066665172576904, 15200, 0.00029988751406191406]
2026-06-11 08:59:33,319	vi_speaker_merged	INFO	Train Epoch: 13 [34%]
2026-06-11 08:59:34,326	vi_speaker_merged	INFO	[2.0477793216705322, 3.3536715507507324, 19.147724151611328, 18.318470001220703, 1.7198940515518188, 1.232185959815979, 15400, 0.00029988751406191406]
2026-06-11 09:07:52,698	vi_speaker_merged	INFO	Train Epoch: 13 [50%]
2026-06-11 09:07:55,323	vi_speaker_merged	INFO	[2.1997780799865723, 2.6633808612823486, 14.748419761657715, 16.069204330444336, 1.7314817905426025, 1.3502593040466309, 15600, 0.00029988751406191406]
2026-06-11 09:16:06,489	vi_speaker_merged	INFO	Train Epoch: 13 [66%]
2026-06-11 09:16:08,076	vi_speaker_merged	INFO	[2.195828437805176, 2.947413206100464, 15.231773376464844, 15.63432788848877, 1.6971378326416016, 1.4156336784362793, 15800, 0.00029988751406191406]
2026-06-11 09:24:25,955	vi_speaker_merged	INFO	Train Epoch: 13 [82%]
2026-06-11 09:24:25,963	vi_speaker_merged	INFO	[2.193194627761841, 2.9278578758239746, 16.25200080871582, 16.276567459106445, 1.692181944847107, 1.3412317037582397, 16000, 0.00029988751406191406]
2026-06-11 09:33:54,383	vi_speaker_merged	INFO	Saving model and optimizer state at iteration 13 to ./logs/vi_speaker_merged/G_16000.pth
2026-06-11 09:35:05,699	vi_speaker_merged	INFO	Saving model and optimizer state at iteration 13 to ./logs/vi_speaker_merged/D_16000.pth
2026-06-11 09:36:29,594	vi_speaker_merged	INFO	Saving model and optimizer state at iteration 13 to ./logs/vi_speaker_merged/DUR_16000.pth
2026-06-11 09:36:29,663	vi_speaker_merged	INFO	.. Free up space by deleting ckpt ./logs/vi_speaker_merged/D_12000.pth
2026-06-11 09:44:11,076	vi_speaker_merged	INFO	Train Epoch: 13 [98%]
2026-06-11 09:44:12,912	vi_speaker_merged	INFO	[2.079946994781494, 3.0942280292510986, 16.83601188659668, 16.61707305908203, 1.71028733253479, 1.412761926651001, 16200, 0.00029988751406191406]
2026-06-11 09:45:04,723	vi_speaker_merged	INFO	====> Epoch: 13
2026-06-11 09:52:54,763	vi_speaker_merged	INFO	Train Epoch: 14 [14%]
2026-06-11 09:52:55,068	vi_speaker_merged	INFO	[2.331045627593994, 2.750032901763916, 16.74092674255371, 16.727079391479492, 1.7032809257507324, 1.4553146362304688, 16400, 0.00029985002812265633]
2026-06-12 01:36:18,139	vi_speaker_merged	INFO	{'train': {'log_interval': 200, 'eval_interval': 2000, 'seed': 52, 'epochs': 10000, 'learning_rate': 0.0003, 'betas': [0.8, 0.99], 'eps': 1e-09, 'batch_size': 8, 'fp16_run': False, 'lr_decay': 0.999875, 'segment_size': 16384, 'init_lr_ratio': 1, 'warmup_epochs': 0, 'c_mel': 45, 'c_kl': 1.0, 'skip_optimizer': True, 'device': 'cuda:0'}, 'data': {'training_files': '/content/vits2-melo/melo/data/vi_speaker_44100_merged/train.list', 'validation_files': '/content/vits2-melo/melo/data/vi_speaker_44100_merged/val.list', 'max_wav_value': 32768.0, 'sampling_rate': 44100, 'filter_length': 2048, 'hop_length': 512, 'win_length': 2048, 'n_mel_channels': 128, 'mel_fmin': 0.0, 'mel_fmax': None, 'add_blank': True, 'n_speakers': 256, 'cleaned_text': True, 'spk2id': {'VI-default': 0}}, 'model': {'use_spk_conditioned_encoder': True, 'use_noise_scaled_mas': True, 'use_mel_posterior_encoder': False, 'use_duration_discriminator': True, 'inter_channels': 192, 'hidden_channels': 192, 'filter_channels': 768, 'n_heads': 2, 'n_layers': 6, 'n_layers_trans_flow': 3, 'kernel_size': 3, 'p_dropout': 0.1, 'resblock': '1', 'resblock_kernel_sizes': [3, 7, 11], 'resblock_dilation_sizes': [[1, 3, 5], [1, 3, 5], [1, 3, 5]], 'upsample_rates': [8, 8, 2, 2, 2], 'upsample_initial_channel': 512, 'upsample_kernel_sizes': [16, 16, 8, 2, 2], 'n_layers_q': 3, 'use_spectral_norm': False, 'gin_channels': 256}, 'device': 'cuda:0', 'num_languages': 10, 'num_tones': 24, 'symbols': ['_', '"', '(', ')', '*', '/', ':', 'AA', 'E', 'EE', 'En', 'N', 'OO', 'Q', 'V', '[', '\\', ']', '^', 'a', 'a:', 'aa', 'ae', 'ah', 'ai', 'an', 'ang', 'ao', 'aw', 'ay', 'b', 'by', 'c', 'ch', 'd', 'dh', 'dy', 'e', 'e:', 'eh', 'ei', 'en', 'eng', 'er', 'ey', 'f', 'g', 'gy', 'h', 'hh', 'hy', 'i', 'i0', 'i:', 'ia', 'ian', 'iang', 'iao', 'ie', 'ih', 'in', 'ing', 'iong', 'ir', 'iu', 'iy', 'j', 'jh', 'k', 'ky', 'l', 'm', 'my', 'n', 'ng', 'ny', 'o', 'o:', 'ong', 'ou', 'ow', 'oy', 'p', 'py', 'q', 'r', 'ry', 's', 'sh', 't', 'th', 'ts', 'ty', 'u', 'u:', 'ua', 'uai', 'uan', 'uang', 'uh', 'ui', 'un', 'uo', 'uw', 'v', 'van', 've', 'vn', 'w', 'x', 'y', 'z', 'zh', 'zy', '~', '¡', '¿', 'æ', 'ç', 'ð', 'ø', 'ŋ', 'œ', 'ɐ', 'ɑ', 'ɒ', 'ɔ', 'ɕ', 'ə', 'ɛ', 'ɜ', 'ɡ', 'ɣ', 'ɥ', 'ɦ', 'ɪ', 'ɫ', 'ɬ', 'ɭ', 'ɯ', 'ɲ', 'ɵ', 'ɸ', 'ɹ', 'ɾ', 'ʁ', 'ʃ', 'ʊ', 'ʌ', 'ʎ', 'ʏ', 'ʑ', 'ʒ', 'ʝ', 'ʲ', 'ˈ', 'ˌ', 'ː', '̃', '̩', 'β', 'θ', 'ᄀ', 'k͡p', 'ˈa', 'ɤ', 'ˈɛ', 'ˈi', 'ă', 'ˈe', 'ʔ', 'ŋ͡m', 'tʰ', 'ɤ̆', 'ᄌ', 'ᄍ', 'ᄎ', 'ᄏ', 'ᄐ', 'ᄑ', 'ᄒ', 'ᅡ', 'ᅢ', 'ᅣ', 'ᅤ', 'ᅥ', 'ᅦ', 'ᅧ', 'ᅨ', 'ᅩ', 'ᅪ', 'ᅫ', 'ᅬ', 'ᅭ', 'ᅮ', 'ᅯ', 'ᅰ', 'ᅱ', 'ᅲ', 'ᅳ', 'ᅴ', 'ᅵ', 'ᆨ', 'ᆫ', 'ᆮ', 'ᆯ', 'ᆷ', 'ᆸ', 'ᆼ', 'ㄸ', '!', '?', '…', ',', '.', "'", '-', 'SP', 'UNK'], 'model_dir': './logs/vi_speaker_merged', 'pretrain_G': None, 'pretrain_D': None, 'pretrain_dur': None, 'port': 10000}
2026-06-12 01:36:18,140	vi_speaker_merged	WARNING	/content/vits2-melo/melo is not a git repository, therefore hash value comparison will be ignored.
2026-06-12 01:36:22,426	vi_speaker_merged	INFO	Loaded checkpoint './logs/vi_speaker_merged/DUR_20000.pth' (iteration 17)
2026-06-12 01:36:23,596	vi_speaker_merged	INFO	Loaded checkpoint './logs/vi_speaker_merged/G_20000.pth' (iteration 17)
2026-06-12 01:36:26,026	vi_speaker_merged	INFO	Loaded checkpoint './logs/vi_speaker_merged/D_20000.pth' (iteration 17)
2026-06-12 01:38:25,876	vi_speaker_merged	INFO	Train Epoch: 17 [3%]
2026-06-12 01:38:25,879	vi_speaker_merged	INFO	[2.0244550704956055, 3.073265314102173, 16.00482177734375, 16.360111236572266, 1.6701879501342773, 1.4669873714447021, 20000, 0.0003]
2026-06-12 01:49:10,972	vi_speaker_merged	INFO	Saving model and optimizer state at iteration 17 to ./logs/vi_speaker_merged/G_20000.pth
2026-06-12 01:49:25,348	vi_speaker_merged	INFO	Saving model and optimizer state at iteration 17 to ./logs/vi_speaker_merged/D_20000.pth
2026-06-12 01:49:38,570	vi_speaker_merged	INFO	Saving model and optimizer state at iteration 17 to ./logs/vi_speaker_merged/DUR_20000.pth
2026-06-12 01:57:00,513	vi_speaker_merged	INFO	Train Epoch: 17 [19%]
2026-06-12 01:57:00,517	vi_speaker_merged	INFO	[1.9166955947875977, 3.1402978897094727, 18.43150520324707, 18.468345642089844, 1.6392858028411865, 1.3143055438995361, 20200, 0.0003]
2026-06-12 02:03:50,439	vi_speaker_merged	INFO	Train Epoch: 17 [35%]
2026-06-12 02:03:50,443	vi_speaker_merged	INFO	[2.1638224124908447, 2.9936280250549316, 16.929460525512695, 16.21578025817871, 1.685660719871521, 1.266276478767395, 20400, 0.0003]
2026-06-12 02:10:27,161	vi_speaker_merged	INFO	Train Epoch: 17 [51%]
2026-06-12 02:10:27,171	vi_speaker_merged	INFO	[1.9529094696044922, 3.054852247238159, 15.975503921508789, 16.94394874572754, 1.5848753452301025, 1.2939814329147339, 20600, 0.0003]
2026-06-12 02:17:01,733	vi_speaker_merged	INFO	Train Epoch: 17 [67%]
2026-06-12 02:17:01,737	vi_speaker_merged	INFO	[2.0774779319763184, 2.889415740966797, 15.556791305541992, 16.44938850402832, 1.6673130989074707, 1.4021742343902588, 20800, 0.0003]
2026-06-12 02:23:33,239	vi_speaker_merged	INFO	Train Epoch: 17 [83%]
2026-06-12 02:23:33,241	vi_speaker_merged	INFO	[2.0789458751678467, 2.911112070083618, 15.95691204071045, 15.980602264404297, 1.6887285709381104, 1.360193133354187, 21000, 0.0003]
2026-06-12 02:29:59,525	vi_speaker_merged	INFO	Train Epoch: 17 [99%]
2026-06-12 02:29:59,529	vi_speaker_merged	INFO	[2.0897936820983887, 2.687455177307129, 16.292720794677734, 17.833942413330078, 1.630590796470642, 1.2920739650726318, 21200, 0.0003]
2026-06-12 02:30:27,872	vi_speaker_merged	INFO	====> Epoch: 17
2026-06-12 02:36:40,416	vi_speaker_merged	INFO	Train Epoch: 18 [15%]
2026-06-12 02:36:40,421	vi_speaker_merged	INFO	[2.056950330734253, 3.2170045375823975, 16.2736873626709, 16.313173294067383, 1.6639223098754883, 1.1377058029174805, 21400, 0.0002999625]
2026-06-12 02:43:19,796	vi_speaker_merged	INFO	Train Epoch: 18 [31%]
2026-06-12 02:43:19,804	vi_speaker_merged	INFO	[2.0789785385131836, 3.003805160522461, 19.22091293334961, 18.08095932006836, 1.7576282024383545, 1.4720820188522339, 21600, 0.0002999625]
2026-06-12 02:50:01,250	vi_speaker_merged	INFO	Train Epoch: 18 [47%]
2026-06-12 02:50:01,256	vi_speaker_merged	INFO	[1.9933311939239502, 2.936345338821411, 15.413612365722656, 15.126701354980469, 1.660020351409912, 1.2746981382369995, 21800, 0.0002999625]
2026-06-12 02:56:39,996	vi_speaker_merged	INFO	Train Epoch: 18 [63%]
2026-06-12 02:56:40,009	vi_speaker_merged	INFO	[2.1537227630615234, 2.9547343254089355, 19.26966667175293, 17.564254760742188, 1.62412428855896, 1.3916245698928833, 22000, 0.0002999625]
2026-06-12 03:06:24,662	vi_speaker_merged	INFO	Saving model and optimizer state at iteration 18 to ./logs/vi_speaker_merged/G_22000.pth
2026-06-12 03:07:11,239	vi_speaker_merged	INFO	Saving model and optimizer state at iteration 18 to ./logs/vi_speaker_merged/D_22000.pth
2026-06-12 03:08:06,379	vi_speaker_merged	INFO	Saving model and optimizer state at iteration 18 to ./logs/vi_speaker_merged/DUR_22000.pth
2026-06-12 03:14:50,567	vi_speaker_merged	INFO	Train Epoch: 18 [79%]
2026-06-12 03:14:50,577	vi_speaker_merged	INFO	[2.0381345748901367, 3.0129997730255127, 16.622386932373047, 16.639604568481445, 1.6847656965255737, 1.4555027484893799, 22200, 0.0002999625]
2026-06-12 03:21:37,913	vi_speaker_merged	INFO	Train Epoch: 18 [95%]
2026-06-12 03:21:37,922	vi_speaker_merged	INFO	[1.9310870170593262, 2.931682586669922, 19.202556610107422, 19.114601135253906, 1.7154953479766846, 1.5375447273254395, 22400, 0.0002999625]
2026-06-12 03:23:47,891	vi_speaker_merged	INFO	====> Epoch: 18
2026-06-12 03:28:31,221	vi_speaker_merged	INFO	Train Epoch: 19 [11%]
2026-06-12 03:28:31,229	vi_speaker_merged	INFO	[1.7235755920410156, 3.2634193897247314, 19.22892951965332, 17.451358795166016, 1.6670172214508057, 1.4698173999786377, 22600, 0.0002999250046875]
2026-06-12 03:35:19,393	vi_speaker_merged	INFO	Train Epoch: 19 [27%]
2026-06-12 03:35:19,399	vi_speaker_merged	INFO	[2.0932435989379883, 2.9264328479766846, 16.00592041015625, 17.14897918701172, 1.641961693763733, 1.375404953956604, 22800, 0.0002999250046875]
2026-06-12 03:42:00,479	vi_speaker_merged	INFO	Train Epoch: 19 [43%]
2026-06-12 03:42:00,483	vi_speaker_merged	INFO	[2.0314157009124756, 2.866983413696289, 15.742377281188965, 15.504637718200684, 1.729443907737732, 1.31662118434906, 23000, 0.0002999250046875]
2026-06-12 03:48:44,292	vi_speaker_merged	INFO	Train Epoch: 19 [59%]
2026-06-12 03:48:44,299	vi_speaker_merged	INFO	[1.8698536157608032, 3.2018253803253174, 18.86756134033203, 18.371925354003906, 1.623970866203308, 1.430833101272583, 23200, 0.0002999250046875]
2026-06-12 03:55:32,207	vi_speaker_merged	INFO	Train Epoch: 19 [75%]
2026-06-12 03:55:32,211	vi_speaker_merged	INFO	[2.1069657802581787, 2.9496569633483887, 16.64166831970215, 16.855266571044922, 1.6796691417694092, 1.122420072555542, 23400, 0.0002999250046875]
2026-06-12 04:02:17,441	vi_speaker_merged	INFO	Train Epoch: 19 [91%]
2026-06-12 04:02:17,450	vi_speaker_merged	INFO	[1.895930290222168, 3.3339977264404297, 17.269468307495117, 17.66193962097168, 1.6600021123886108, 1.452375888824463, 23600, 0.0002999250046875]
2026-06-12 04:06:00,947	vi_speaker_merged	INFO	====> Epoch: 19
2026-06-12 04:09:09,034	vi_speaker_merged	INFO	Train Epoch: 20 [7%]
2026-06-12 04:09:09,035	vi_speaker_merged	INFO	[1.9845116138458252, 3.133671760559082, 16.77263069152832, 16.639936447143555, 1.7072010040283203, 1.4538010358810425, 23800, 0.00029988751406191406]
2026-06-12 04:15:56,500	vi_speaker_merged	INFO	Train Epoch: 20 [23%]
2026-06-12 04:15:56,503	vi_speaker_merged	INFO	[2.1071529388427734, 3.2432467937469482, 18.024593353271484, 17.703834533691406, 1.6079375743865967, 1.444404125213623, 24000, 0.00029988751406191406]
2026-06-12 04:25:07,488	vi_speaker_merged	INFO	Saving model and optimizer state at iteration 20 to ./logs/vi_speaker_merged/G_24000.pth
2026-06-12 04:26:05,524	vi_speaker_merged	INFO	Saving model and optimizer state at iteration 20 to ./logs/vi_speaker_merged/D_24000.pth
2026-06-12 04:27:06,340	vi_speaker_merged	INFO	Saving model and optimizer state at iteration 20 to ./logs/vi_speaker_merged/DUR_24000.pth
2026-06-12 04:27:10,998	vi_speaker_merged	INFO	.. Free up space by deleting ckpt ./logs/vi_speaker_merged/D_20000.pth
2026-06-12 04:34:00,759	vi_speaker_merged	INFO	Train Epoch: 20 [39%]
2026-06-12 04:34:00,768	vi_speaker_merged	INFO	[2.214156150817871, 2.967811346054077, 20.342681884765625, 17.863445281982422, 1.7102805376052856, 1.076573133468628, 24200, 0.00029988751406191406]
2026-06-12 04:40:48,026	vi_speaker_merged	INFO	Train Epoch: 20 [55%]
2026-06-12 04:40:48,032	vi_speaker_merged	INFO	[2.2675912380218506, 3.0837526321411133, 16.133262634277344, 16.35929298400879, 1.6482000350952148, 1.2754791975021362, 24400, 0.00029988751406191406]
2026-06-12 04:47:40,358	vi_speaker_merged	INFO	Train Epoch: 20 [71%]
2026-06-12 04:47:40,361	vi_speaker_merged	INFO	[2.14023494720459, 2.8771867752075195, 15.532827377319336, 15.99571418762207, 1.7215280532836914, 1.4958560466766357, 24600, 0.00029988751406191406]
2026-06-12 04:54:31,760	vi_speaker_merged	INFO	Train Epoch: 20 [87%]
2026-06-12 04:54:31,762	vi_speaker_merged	INFO	[1.9858596324920654, 3.1432342529296875, 19.063356399536133, 17.895795822143555, 1.7013813257217407, 1.2143408060073853, 24800, 0.00029988751406191406]
2026-06-12 05:00:03,663	vi_speaker_merged	INFO	====> Epoch: 20
2026-06-12 05:01:35,356	vi_speaker_merged	INFO	Train Epoch: 21 [3%]
2026-06-12 05:01:37,774	vi_speaker_merged	INFO	[2.069489002227783, 2.9183197021484375, 15.425567626953125, 16.661237716674805, 1.6919474601745605, 1.3920177221298218, 25000, 0.00029985002812265633]
2026-06-12 05:08:33,117	vi_speaker_merged	INFO	Train Epoch: 21 [19%]
2026-06-12 05:08:33,125	vi_speaker_merged	INFO	[2.1000795364379883, 3.3656253814697266, 18.184898376464844, 17.411869049072266, 1.795962929725647, 1.1192790269851685, 25200, 0.00029985002812265633]
2026-06-12 05:15:19,676	vi_speaker_merged	INFO	Train Epoch: 21 [35%]
2026-06-12 05:15:19,678	vi_speaker_merged	INFO	[2.1720807552337646, 2.773021936416626, 15.606627464294434, 15.764602661132812, 1.695298194885254, 1.5560210943222046, 25400, 0.00029985002812265633]
2026-06-12 05:22:17,588	vi_speaker_merged	INFO	Train Epoch: 21 [51%]
2026-06-12 05:22:17,594	vi_speaker_merged	INFO	[1.9241819381713867, 3.2235631942749023, 18.566585540771484, 17.399049758911133, 1.631011724472046, 1.3393182754516602, 25600, 0.00029985002812265633]
2026-06-12 05:29:06,742	vi_speaker_merged	INFO	Train Epoch: 21 [67%]
2026-06-12 05:29:06,749	vi_speaker_merged	INFO	[1.9547863006591797, 2.920459032058716, 16.499975204467773, 16.126266479492188, 1.6276423931121826, 1.5445536375045776, 25800, 0.00029985002812265633]
2026-06-12 05:36:00,085	vi_speaker_merged	INFO	Train Epoch: 21 [83%]
2026-06-12 05:36:00,089	vi_speaker_merged	INFO	[2.2286760807037354, 2.6844630241394043, 16.485885620117188, 15.442584991455078, 1.614725947380066, 1.2016870975494385, 26000, 0.00029985002812265633]
2026-06-12 05:44:46,158	vi_speaker_merged	INFO	Saving model and optimizer state at iteration 21 to ./logs/vi_speaker_merged/G_26000.pth
2026-06-12 05:45:37,381	vi_speaker_merged	INFO	Saving model and optimizer state at iteration 21 to ./logs/vi_speaker_merged/D_26000.pth
2026-06-12 05:46:38,616	vi_speaker_merged	INFO	Saving model and optimizer state at iteration 21 to ./logs/vi_speaker_merged/DUR_26000.pth
2026-06-12 05:46:38,686	vi_speaker_merged	INFO	.. Free up space by deleting ckpt ./logs/vi_speaker_merged/DUR_20000.pth
2026-06-12 05:46:38,707	vi_speaker_merged	INFO	.. Free up space by deleting ckpt ./logs/vi_speaker_merged/D_22000.pth
2026-06-12 17:00:53,010	vi_speaker_456	INFO	{'train': {'log_interval': 200, 'eval_interval': 2000, 'seed': 52, 'epochs': 10000, 'learning_rate': 0.0003, 'betas': [0.8, 0.99], 'eps': 1e-09, 'batch_size': 8, 'fp16_run': False, 'lr_decay': 0.999875, 'segment_size': 16384, 'init_lr_ratio': 1, 'warmup_epochs': 0, 'c_mel': 45, 'c_kl': 1.0, 'skip_optimizer': True, 'device': 'cuda:0'}, 'data': {'training_files': '/content/vits2-melo/melo/data/vi_speaker_44100_456/train.list', 'validation_files': '/content/vits2-melo/melo/data/vi_speaker_44100_456/val.list', 'max_wav_value': 32768.0, 'sampling_rate': 44100, 'filter_length': 2048, 'hop_length': 512, 'win_length': 2048, 'n_mel_channels': 128, 'mel_fmin': 0.0, 'mel_fmax': None, 'add_blank': True, 'n_speakers': 256, 'cleaned_text': True, 'spk2id': {'VI-default': 0}}, 'model': {'use_spk_conditioned_encoder': True, 'use_noise_scaled_mas': True, 'use_mel_posterior_encoder': False, 'use_duration_discriminator': True, 'inter_channels': 192, 'hidden_channels': 192, 'filter_channels': 768, 'n_heads': 2, 'n_layers': 6, 'n_layers_trans_flow': 3, 'kernel_size': 3, 'p_dropout': 0.1, 'resblock': '1', 'resblock_kernel_sizes': [3, 7, 11], 'resblock_dilation_sizes': [[1, 3, 5], [1, 3, 5], [1, 3, 5]], 'upsample_rates': [8, 8, 2, 2, 2], 'upsample_initial_channel': 512, 'upsample_kernel_sizes': [16, 16, 8, 2, 2], 'n_layers_q': 3, 'use_spectral_norm': False, 'gin_channels': 256}, 'device': 'cuda:0', 'num_languages': 10, 'num_tones': 24, 'symbols': ['_', '"', '(', ')', '*', '/', ':', 'AA', 'E', 'EE', 'En', 'N', 'OO', 'Q', 'V', '[', '\\', ']', '^', 'a', 'a:', 'aa', 'ae', 'ah', 'ai', 'an', 'ang', 'ao', 'aw', 'ay', 'b', 'by', 'c', 'ch', 'd', 'dh', 'dy', 'e', 'e:', 'eh', 'ei', 'en', 'eng', 'er', 'ey', 'f', 'g', 'gy', 'h', 'hh', 'hy', 'i', 'i0', 'i:', 'ia', 'ian', 'iang', 'iao', 'ie', 'ih', 'in', 'ing', 'iong', 'ir', 'iu', 'iy', 'j', 'jh', 'k', 'ky', 'l', 'm', 'my', 'n', 'ng', 'ny', 'o', 'o:', 'ong', 'ou', 'ow', 'oy', 'p', 'py', 'q', 'r', 'ry', 's', 'sh', 't', 'th', 'ts', 'ty', 'u', 'u:', 'ua', 'uai', 'uan', 'uang', 'uh', 'ui', 'un', 'uo', 'uw', 'v', 'van', 've', 'vn', 'w', 'x', 'y', 'z', 'zh', 'zy', '~', '¡', '¿', 'æ', 'ç', 'ð', 'ø', 'ŋ', 'œ', 'ɐ', 'ɑ', 'ɒ', 'ɔ', 'ɕ', 'ə', 'ɛ', 'ɜ', 'ɡ', 'ɣ', 'ɥ', 'ɦ', 'ɪ', 'ɫ', 'ɬ', 'ɭ', 'ɯ', 'ɲ', 'ɵ', 'ɸ', 'ɹ', 'ɾ', 'ʁ', 'ʃ', 'ʊ', 'ʌ', 'ʎ', 'ʏ', 'ʑ', 'ʒ', 'ʝ', 'ʲ', 'ˈ', 'ˌ', 'ː', '̃', '̩', 'β', 'θ', 'ᄀ', 'k͡p', 'ˈa', 'ɤ', 'ˈɛ', 'ˈi', 'ă', 'ˈe', 'ʔ', 'ŋ͡m', 'tʰ', 'ɤ̆', 'ᄌ', 'ᄍ', 'ᄎ', 'ᄏ', 'ᄐ', 'ᄑ', 'ᄒ', 'ᅡ', 'ᅢ', 'ᅣ', 'ᅤ', 'ᅥ', 'ᅦ', 'ᅧ', 'ᅨ', 'ᅩ', 'ᅪ', 'ᅫ', 'ᅬ', 'ᅭ', 'ᅮ', 'ᅯ', 'ᅰ', 'ᅱ', 'ᅲ', 'ᅳ', 'ᅴ', 'ᅵ', 'ᆨ', 'ᆫ', 'ᆮ', 'ᆯ', 'ᆷ', 'ᆸ', 'ᆼ', 'ㄸ', '!', '?', '…', ',', '.', "'", '-', 'SP', 'UNK'], 'model_dir': './logs/vi_speaker_456', 'pretrain_G': None, 'pretrain_D': None, 'pretrain_dur': None, 'port': 10000}
2026-06-12 17:00:53,011	vi_speaker_456	WARNING	/content/vits2-melo/melo is not a git repository, therefore hash value comparison will be ignored.
2026-06-12 17:00:57,735	vi_speaker_456	INFO	Loaded checkpoint './logs/vi_speaker_456/DUR_26000.pth' (iteration 21)
2026-06-12 17:01:01,073	vi_speaker_456	INFO	Loaded checkpoint './logs/vi_speaker_456/G_26000.pth' (iteration 21)
2026-06-12 17:01:03,306	vi_speaker_456	INFO	Loaded checkpoint './logs/vi_speaker_456/D_26000.pth' (iteration 21)
2026-06-12 17:03:58,982	vi_speaker_456	INFO	Train Epoch: 21 [3%]
2026-06-12 17:03:58,985	vi_speaker_456	INFO	[20.03681755065918, 3.1195530891418457, 25.379722595214844, 22.652706146240234, 1.7795507907867432, 2.4474408626556396, 36400, 0.0003]
2026-06-12 17:10:53,120	vi_speaker_456	INFO	Train Epoch: 21 [14%]
2026-06-12 17:10:53,123	vi_speaker_456	INFO	[3.161437511444092, 2.9611525535583496, 19.332487106323242, 20.676393508911133, 1.7803380489349365, 1.6635653972625732, 36600, 0.0003]
2026-06-12 17:17:40,763	vi_speaker_456	INFO	Train Epoch: 21 [25%]
2026-06-12 17:17:40,766	vi_speaker_456	INFO	[2.568986415863037, 2.443333625793457, 18.959613800048828, 20.019296646118164, 1.6749231815338135, 1.521594524383545, 36800, 0.0003]
2026-06-12 17:24:00,635	vi_speaker_456	INFO	Train Epoch: 21 [36%]
2026-06-12 17:24:00,639	vi_speaker_456	INFO	[2.612504005432129, 2.570094585418701, 12.73277473449707, 15.566132545471191, 1.7470881938934326, 1.3685632944107056, 37000, 0.0003]
2026-06-12 17:30:34,244	vi_speaker_456	INFO	Train Epoch: 21 [47%]
2026-06-12 17:30:34,246	vi_speaker_456	INFO	[3.4139046669006348, 2.49459171295166, 21.237829208374023, 20.789539337158203, 1.6457812786102295, 1.1487057209014893, 37200, 0.0003]
2026-06-12 17:36:56,850	vi_speaker_456	INFO	Train Epoch: 21 [58%]
2026-06-12 17:36:57,052	vi_speaker_456	INFO	[2.328305244445801, 2.189992666244507, 16.24187660217285, 18.572786331176758, 1.744903802871704, 1.1976052522659302, 37400, 0.0003]
2026-06-12 17:43:34,399	vi_speaker_456	INFO	Train Epoch: 21 [69%]
2026-06-12 17:43:35,142	vi_speaker_456	INFO	[2.5850605964660645, 2.282012462615967, 15.702448844909668, 17.83687973022461, 1.693652629852295, 1.376957654953003, 37600, 0.0003]
2026-06-12 17:50:04,271	vi_speaker_456	INFO	Train Epoch: 21 [80%]
2026-06-12 17:50:04,274	vi_speaker_456	INFO	[2.6750407218933105, 2.333378553390503, 16.36850929260254, 19.444517135620117, 1.7098115682601929, 1.2864896059036255, 37800, 0.0003]
2026-06-12 17:56:40,243	vi_speaker_456	INFO	Train Epoch: 21 [91%]
2026-06-12 17:56:41,407	vi_speaker_456	INFO	[2.4659550189971924, 2.64007568359375, 15.585982322692871, 18.746047973632812, 1.689389705657959, 1.2872133255004883, 38000, 0.0003]
2026-06-12 18:06:21,681	vi_speaker_456	INFO	Saving model and optimizer state at iteration 21 to ./logs/vi_speaker_456/G_38000.pth
2026-06-12 18:08:08,171	vi_speaker_456	INFO	Saving model and optimizer state at iteration 21 to ./logs/vi_speaker_456/D_38000.pth
2026-06-12 18:09:50,903	vi_speaker_456	INFO	Saving model and optimizer state at iteration 21 to ./logs/vi_speaker_456/DUR_38000.pth
2026-06-12 18:15:51,493	vi_speaker_456	INFO	====> Epoch: 21
2026-06-12 18:17:36,535	vi_speaker_456	INFO	Train Epoch: 22 [2%]
2026-06-12 18:17:37,638	vi_speaker_456	INFO	[2.5336480140686035, 2.4647481441497803, 14.909046173095703, 16.970022201538086, 1.648599624633789, 1.4180517196655273, 38200, 0.0002999625]
2026-06-12 18:25:07,262	vi_speaker_456	INFO	Train Epoch: 22 [13%]
2026-06-12 18:25:07,266	vi_speaker_456	INFO	[2.31894588470459, 2.7680344581604004, 16.491451263427734, 19.952775955200195, 1.6967778205871582, 1.2699345350265503, 38400, 0.0002999625]
2026-06-12 18:32:49,112	vi_speaker_456	INFO	Train Epoch: 22 [24%]
2026-06-12 18:32:50,639	vi_speaker_456	INFO	[2.402815103530884, 2.2402539253234863, 15.768197059631348, 17.878599166870117, 1.6864686012268066, 1.1002534627914429, 38600, 0.0002999625]
2026-06-12 18:40:17,949	vi_speaker_456	INFO	Train Epoch: 22 [35%]
2026-06-12 18:40:18,692	vi_speaker_456	INFO	[2.1523447036743164, 3.0568134784698486, 19.865198135375977, 19.97521209716797, 1.8163964748382568, 1.5018585920333862, 38800, 0.0002999625]
2026-06-12 18:48:00,497	vi_speaker_456	INFO	Train Epoch: 22 [46%]
2026-06-12 18:48:01,209	vi_speaker_456	INFO	[2.319535970687866, 2.6348092555999756, 17.84282112121582, 19.175006866455078, 1.6444289684295654, 1.3412137031555176, 39000, 0.0002999625]
2026-06-12 18:55:44,615	vi_speaker_456	INFO	Train Epoch: 22 [57%]
2026-06-12 18:55:45,140	vi_speaker_456	INFO	[2.3058505058288574, 2.730060577392578, 17.867733001708984, 19.531763076782227, 1.764749526977539, 1.4416844844818115, 39200, 0.0002999625]
2026-06-12 19:03:23,031	vi_speaker_456	INFO	Train Epoch: 22 [68%]
2026-06-12 19:03:25,767	vi_speaker_456	INFO	[2.4218409061431885, 2.473893404006958, 16.386943817138672, 17.815629959106445, 1.7212185859680176, 1.1866199970245361, 39400, 0.0002999625]
2026-06-12 19:11:12,282	vi_speaker_456	INFO	Train Epoch: 22 [79%]
2026-06-12 19:11:12,327	vi_speaker_456	INFO	[2.4385716915130615, 2.1245810985565186, 13.243191719055176, 16.687082290649414, 1.6820486783981323, 1.2373628616333008, 39600, 0.0002999625]
2026-06-12 19:19:09,893	vi_speaker_456	INFO	Train Epoch: 22 [90%]
2026-06-12 19:19:10,433	vi_speaker_456	INFO	[2.4653844833374023, 2.5676021575927734, 16.578811645507812, 18.4816837310791, 1.7148282527923584, 1.7484726905822754, 39800, 0.0002999625]
2026-06-12 19:25:45,973	vi_speaker_456	INFO	====> Epoch: 22
2026-06-12 19:26:57,728	vi_speaker_456	INFO	Train Epoch: 23 [1%]
2026-06-12 19:26:59,146	vi_speaker_456	INFO	[2.401218891143799, 2.786818742752075, 20.072420120239258, 20.729232788085938, 1.6312541961669922, 1.321855068206787, 40000, 0.0002999250046875]
2026-06-12 19:35:26,639	vi_speaker_456	INFO	Saving model and optimizer state at iteration 23 to ./logs/vi_speaker_456/G_40000.pth
2026-06-12 19:36:58,029	vi_speaker_456	INFO	Saving model and optimizer state at iteration 23 to ./logs/vi_speaker_456/D_40000.pth
2026-06-12 19:38:36,309	vi_speaker_456	INFO	Saving model and optimizer state at iteration 23 to ./logs/vi_speaker_456/DUR_40000.pth
2026-06-12 19:38:40,545	vi_speaker_456	INFO	.. Free up space by deleting ckpt ./logs/vi_speaker_456/D_26000.pth
2026-06-12 19:46:45,748	vi_speaker_456	INFO	Train Epoch: 23 [12%]
2026-06-12 19:46:45,769	vi_speaker_456	INFO	[2.2821993827819824, 2.670443534851074, 17.826526641845703, 19.30219841003418, 1.7154977321624756, 1.3791545629501343, 40200, 0.0002999250046875]
2026-06-12 19:55:14,035	vi_speaker_456	INFO	Train Epoch: 23 [23%]
2026-06-12 19:55:14,900	vi_speaker_456	INFO	[2.4499313831329346, 2.4675450325012207, 16.721372604370117, 19.144515991210938, 1.685652732849121, 1.2948577404022217, 40400, 0.0002999250046875]
2026-06-12 20:03:42,748	vi_speaker_456	INFO	Train Epoch: 23 [34%]
2026-06-12 20:03:42,752	vi_speaker_456	INFO	[2.418928384780884, 2.733144998550415, 15.944067001342773, 17.336463928222656, 1.6778738498687744, 1.4307377338409424, 40600, 0.0002999250046875]
2026-06-13 02:50:13,831	vi_speaker_456	INFO	{'train': {'log_interval': 200, 'eval_interval': 2000, 'seed': 52, 'epochs': 10000, 'learning_rate': 0.0003, 'betas': [0.8, 0.99], 'eps': 1e-09, 'batch_size': 8, 'fp16_run': False, 'lr_decay': 0.999875, 'segment_size': 16384, 'init_lr_ratio': 1, 'warmup_epochs': 0, 'c_mel': 45, 'c_kl': 1.0, 'skip_optimizer': True, 'device': 'cuda:0'}, 'data': {'training_files': '/content/vits2-melo/melo/data/vi_speaker_44100_456/train.list', 'validation_files': '/content/vits2-melo/melo/data/vi_speaker_44100_456/val.list', 'max_wav_value': 32768.0, 'sampling_rate': 44100, 'filter_length': 2048, 'hop_length': 512, 'win_length': 2048, 'n_mel_channels': 128, 'mel_fmin': 0.0, 'mel_fmax': None, 'add_blank': True, 'n_speakers': 256, 'cleaned_text': True, 'spk2id': {'VI-default': 0}}, 'model': {'use_spk_conditioned_encoder': True, 'use_noise_scaled_mas': True, 'use_mel_posterior_encoder': False, 'use_duration_discriminator': True, 'inter_channels': 192, 'hidden_channels': 192, 'filter_channels': 768, 'n_heads': 2, 'n_layers': 6, 'n_layers_trans_flow': 3, 'kernel_size': 3, 'p_dropout': 0.1, 'resblock': '1', 'resblock_kernel_sizes': [3, 7, 11], 'resblock_dilation_sizes': [[1, 3, 5], [1, 3, 5], [1, 3, 5]], 'upsample_rates': [8, 8, 2, 2, 2], 'upsample_initial_channel': 512, 'upsample_kernel_sizes': [16, 16, 8, 2, 2], 'n_layers_q': 3, 'use_spectral_norm': False, 'gin_channels': 256}, 'device': 'cuda:0', 'num_languages': 10, 'num_tones': 24, 'symbols': ['_', '"', '(', ')', '*', '/', ':', 'AA', 'E', 'EE', 'En', 'N', 'OO', 'Q', 'V', '[', '\\', ']', '^', 'a', 'a:', 'aa', 'ae', 'ah', 'ai', 'an', 'ang', 'ao', 'aw', 'ay', 'b', 'by', 'c', 'ch', 'd', 'dh', 'dy', 'e', 'e:', 'eh', 'ei', 'en', 'eng', 'er', 'ey', 'f', 'g', 'gy', 'h', 'hh', 'hy', 'i', 'i0', 'i:', 'ia', 'ian', 'iang', 'iao', 'ie', 'ih', 'in', 'ing', 'iong', 'ir', 'iu', 'iy', 'j', 'jh', 'k', 'ky', 'l', 'm', 'my', 'n', 'ng', 'ny', 'o', 'o:', 'ong', 'ou', 'ow', 'oy', 'p', 'py', 'q', 'r', 'ry', 's', 'sh', 't', 'th', 'ts', 'ty', 'u', 'u:', 'ua', 'uai', 'uan', 'uang', 'uh', 'ui', 'un', 'uo', 'uw', 'v', 'van', 've', 'vn', 'w', 'x', 'y', 'z', 'zh', 'zy', '~', '¡', '¿', 'æ', 'ç', 'ð', 'ø', 'ŋ', 'œ', 'ɐ', 'ɑ', 'ɒ', 'ɔ', 'ɕ', 'ə', 'ɛ', 'ɜ', 'ɡ', 'ɣ', 'ɥ', 'ɦ', 'ɪ', 'ɫ', 'ɬ', 'ɭ', 'ɯ', 'ɲ', 'ɵ', 'ɸ', 'ɹ', 'ɾ', 'ʁ', 'ʃ', 'ʊ', 'ʌ', 'ʎ', 'ʏ', 'ʑ', 'ʒ', 'ʝ', 'ʲ', 'ˈ', 'ˌ', 'ː', '̃', '̩', 'β', 'θ', 'ᄀ', 'k͡p', 'ˈa', 'ɤ', 'ˈɛ', 'ˈi', 'ă', 'ˈe', 'ʔ', 'ŋ͡m', 'tʰ', 'ɤ̆', 'ᄌ', 'ᄍ', 'ᄎ', 'ᄏ', 'ᄐ', 'ᄑ', 'ᄒ', 'ᅡ', 'ᅢ', 'ᅣ', 'ᅤ', 'ᅥ', 'ᅦ', 'ᅧ', 'ᅨ', 'ᅩ', 'ᅪ', 'ᅫ', 'ᅬ', 'ᅭ', 'ᅮ', 'ᅯ', 'ᅰ', 'ᅱ', 'ᅲ', 'ᅳ', 'ᅴ', 'ᅵ', 'ᆨ', 'ᆫ', 'ᆮ', 'ᆯ', 'ᆷ', 'ᆸ', 'ᆼ', 'ㄸ', '!', '?', '…', ',', '.', "'", '-', 'SP', 'UNK'], 'model_dir': './logs/vi_speaker_456', 'pretrain_G': None, 'pretrain_D': None, 'pretrain_dur': None, 'port': 10000}
2026-06-13 02:50:13,831	vi_speaker_456	WARNING	/content/vits2-melo/melo is not a git repository, therefore hash value comparison will be ignored.
2026-06-13 02:50:19,452	vi_speaker_456	INFO	Loaded checkpoint './logs/vi_speaker_456/DUR_40000.pth' (iteration 23)
2026-06-13 02:50:20,677	vi_speaker_456	INFO	Loaded checkpoint './logs/vi_speaker_456/G_40000.pth' (iteration 23)
2026-06-13 02:50:22,772	vi_speaker_456	INFO	Loaded checkpoint './logs/vi_speaker_456/D_40000.pth' (iteration 23)
2026-06-13 02:52:01,619	vi_speaker_456	INFO	Train Epoch: 23 [1%]
2026-06-13 02:52:01,622	vi_speaker_456	INFO	[2.4552364349365234, 2.376386880874634, 17.475513458251953, 18.63473892211914, 1.5987565517425537, 1.2872459888458252, 40000, 0.0003]
2026-06-13 03:01:54,991	vi_speaker_456	INFO	Saving model and optimizer state at iteration 23 to ./logs/vi_speaker_456/G_40000.pth
2026-06-13 03:02:44,527	vi_speaker_456	INFO	Saving model and optimizer state at iteration 23 to ./logs/vi_speaker_456/D_40000.pth
2026-06-13 03:03:30,080	vi_speaker_456	INFO	Saving model and optimizer state at iteration 23 to ./logs/vi_speaker_456/DUR_40000.pth
2026-06-13 03:10:41,805	vi_speaker_456	INFO	Train Epoch: 23 [12%]
2026-06-13 03:10:41,808	vi_speaker_456	INFO	[2.3608558177948, 2.349468231201172, 15.89684772491455, 17.944002151489258, 1.6873615980148315, 1.413964867591858, 40200, 0.0003]
2026-06-13 03:17:10,467	vi_speaker_456	INFO	Train Epoch: 23 [23%]
2026-06-13 03:17:10,469	vi_speaker_456	INFO	[2.436312198638916, 2.172260046005249, 10.890076637268066, 13.09267520904541, 1.6546982526779175, 1.3965719938278198, 40400, 0.0003]
2026-06-13 03:23:29,643	vi_speaker_456	INFO	Train Epoch: 23 [34%]
2026-06-13 03:23:29,646	vi_speaker_456	INFO	[2.4208972454071045, 2.2887208461761475, 13.301094055175781, 15.328747749328613, 1.690923810005188, 1.2806029319763184, 40600, 0.0003]
2026-06-13 03:29:41,792	vi_speaker_456	INFO	Train Epoch: 23 [45%]
2026-06-13 03:29:41,796	vi_speaker_456	INFO	[2.565187454223633, 2.2956478595733643, 13.840583801269531, 16.42102813720703, 1.6594531536102295, 1.5594494342803955, 40800, 0.0003]
2026-06-13 03:36:04,665	vi_speaker_456	INFO	Train Epoch: 23 [56%]
2026-06-13 03:36:04,669	vi_speaker_456	INFO	[2.401484251022339, 2.6459579467773438, 15.523991584777832, 17.70087432861328, 1.6574440002441406, 1.1732022762298584, 41000, 0.0003]
2026-06-13 03:42:15,279	vi_speaker_456	INFO	Train Epoch: 23 [67%]
2026-06-13 03:42:15,283	vi_speaker_456	INFO	[2.5477542877197266, 2.3938310146331787, 13.081903457641602, 15.265007019042969, 1.6711376905441284, 1.2288888692855835, 41200, 0.0003]
2026-06-13 03:48:28,484	vi_speaker_456	INFO	Train Epoch: 23 [78%]
2026-06-13 03:48:28,488	vi_speaker_456	INFO	[2.6241626739501953, 2.1927480697631836, 10.521308898925781, 13.920860290527344, 1.676931619644165, 1.2310597896575928, 41400, 0.0003]
2026-06-13 03:54:43,270	vi_speaker_456	INFO	Train Epoch: 23 [89%]
2026-06-13 03:54:43,275	vi_speaker_456	INFO	[2.5282444953918457, 2.528412103652954, 15.257752418518066, 18.841957092285156, 1.7578954696655273, 1.2577662467956543, 41600, 0.0003]
2026-06-13 04:00:34,097	vi_speaker_456	INFO	====> Epoch: 23
2026-06-13 04:00:55,039	vi_speaker_456	INFO	Train Epoch: 24 [0%]
2026-06-13 04:00:55,042	vi_speaker_456	INFO	[2.3950366973876953, 2.6542317867279053, 18.59377670288086, 20.579833984375, 1.6196582317352295, 1.3671059608459473, 41800, 0.0002999625]
2026-06-13 04:07:24,421	vi_speaker_456	INFO	Train Epoch: 24 [12%]
2026-06-13 04:07:24,429	vi_speaker_456	INFO	[2.2545742988586426, 2.5419301986694336, 18.26361656188965, 19.13272476196289, 1.6289907693862915, 1.2619050741195679, 42000, 0.0002999625]
2026-06-13 04:15:24,909	vi_speaker_456	INFO	Saving model and optimizer state at iteration 24 to ./logs/vi_speaker_456/G_42000.pth
2026-06-13 04:16:11,636	vi_speaker_456	INFO	Saving model and optimizer state at iteration 24 to ./logs/vi_speaker_456/D_42000.pth
2026-06-13 04:17:11,386	vi_speaker_456	INFO	Saving model and optimizer state at iteration 24 to ./logs/vi_speaker_456/DUR_42000.pth
2026-06-13 04:23:25,600	vi_speaker_456	INFO	Train Epoch: 24 [23%]
2026-06-13 04:23:25,607	vi_speaker_456	INFO	[2.2551074028015137, 2.5723705291748047, 15.368460655212402, 17.510818481445312, 1.709017038345337, 1.318832516670227, 42200, 0.0002999625]
2026-06-13 04:29:38,809	vi_speaker_456	INFO	Train Epoch: 24 [34%]
2026-06-13 04:29:38,817	vi_speaker_456	INFO	[2.2371790409088135, 2.665581226348877, 17.54562759399414, 19.29761505126953, 1.6873527765274048, 1.386392593383789, 42400, 0.0002999625]
2026-06-13 04:35:55,887	vi_speaker_456	INFO	Train Epoch: 24 [45%]
2026-06-13 04:35:55,895	vi_speaker_456	INFO	[2.399380922317505, 2.355513334274292, 16.946460723876953, 19.080286026000977, 1.6646792888641357, 1.5659265518188477, 42600, 0.0002999625]
2026-06-13 04:42:14,641	vi_speaker_456	INFO	Train Epoch: 24 [56%]
2026-06-13 04:42:14,648	vi_speaker_456	INFO	[2.3083221912384033, 2.823038339614868, 17.08390235900879, 17.972261428833008, 1.613396167755127, 1.405578851699829, 42800, 0.0002999625]
2026-06-13 04:48:38,390	vi_speaker_456	INFO	Train Epoch: 24 [67%]
2026-06-13 04:48:38,393	vi_speaker_456	INFO	[2.486220121383667, 2.2937235832214355, 13.114767074584961, 17.173986434936523, 1.664242148399353, 1.707133412361145, 43000, 0.0002999625]
2026-06-13 04:55:05,277	vi_speaker_456	INFO	Train Epoch: 24 [78%]
2026-06-13 04:55:05,284	vi_speaker_456	INFO	[2.354116916656494, 2.6436119079589844, 15.708887100219727, 18.582355499267578, 1.6502257585525513, 1.476387858390808, 43200, 0.0002999625]
2026-06-13 05:01:24,643	vi_speaker_456	INFO	Train Epoch: 24 [89%]
2026-06-13 05:01:24,646	vi_speaker_456	INFO	[2.4955239295959473, 2.333725929260254, 17.331838607788086, 20.5460205078125, 1.6839604377746582, 1.4034945964813232, 43400, 0.0002999625]
2026-06-13 05:07:44,806	vi_speaker_456	INFO	Train Epoch: 24 [100%]
2026-06-13 05:07:44,809	vi_speaker_456	INFO	[2.2897701263427734, 2.744391441345215, 16.337499618530273, 17.865690231323242, 1.7174272537231445, 1.3385978937149048, 43600, 0.0002999625]
2026-06-13 05:07:58,170	vi_speaker_456	INFO	====> Epoch: 24
2026-06-13 05:14:18,158	vi_speaker_456	INFO	Train Epoch: 25 [11%]
2026-06-13 05:14:18,159	vi_speaker_456	INFO	[2.1979551315307617, 2.559680938720703, 18.06672477722168, 18.526792526245117, 1.6656620502471924, 1.5174483060836792, 43800, 0.0002999250046875]
2026-06-13 05:20:44,116	vi_speaker_456	INFO	Train Epoch: 25 [22%]
2026-06-13 05:20:44,123	vi_speaker_456	INFO	[2.319598913192749, 2.4131531715393066, 15.466097831726074, 16.47293472290039, 1.684763789176941, 1.1244784593582153, 44000, 0.0002999250046875]
2026-06-13 05:27:48,667	vi_speaker_456	INFO	Saving model and optimizer state at iteration 25 to ./logs/vi_speaker_456/G_44000.pth
2026-06-13 05:28:22,025	vi_speaker_456	INFO	Saving model and optimizer state at iteration 25 to ./logs/vi_speaker_456/D_44000.pth
2026-06-13 05:29:06,201	vi_speaker_456	INFO	Saving model and optimizer state at iteration 25 to ./logs/vi_speaker_456/DUR_44000.pth
2026-06-13 05:29:09,005	vi_speaker_456	INFO	.. Free up space by deleting ckpt ./logs/vi_speaker_456/D_40000.pth
2026-06-13 05:35:29,932	vi_speaker_456	INFO	Train Epoch: 25 [33%]
2026-06-13 05:35:29,940	vi_speaker_456	INFO	[2.3665008544921875, 2.2996020317077637, 13.460725784301758, 15.611549377441406, 1.7114405632019043, 1.3703720569610596, 44200, 0.0002999250046875]
2026-06-13 05:42:02,378	vi_speaker_456	INFO	Train Epoch: 25 [44%]
2026-06-13 05:42:02,385	vi_speaker_456	INFO	[2.0976204872131348, 2.5552175045013428, 19.31686782836914, 18.998994827270508, 1.6448438167572021, 1.145873785018921, 44400, 0.0002999250046875]
2026-06-13 05:48:28,049	vi_speaker_456	INFO	Train Epoch: 25 [55%]
2026-06-13 05:48:28,052	vi_speaker_456	INFO	[2.3980236053466797, 2.5372776985168457, 14.701674461364746, 17.343204498291016, 1.5770870447158813, 1.1982353925704956, 44600, 0.0002999250046875]
2026-06-13 05:54:51,127	vi_speaker_456	INFO	Train Epoch: 25 [66%]
2026-06-13 05:54:51,131	vi_speaker_456	INFO	[2.462526321411133, 2.452204942703247, 12.197272300720215, 14.667731285095215, 1.6850125789642334, 1.5494908094406128, 44800, 0.0002999250046875]
2026-06-13 06:01:18,003	vi_speaker_456	INFO	Train Epoch: 25 [77%]
2026-06-13 06:01:18,004	vi_speaker_456	INFO	[2.2845308780670166, 2.6399054527282715, 15.743888854980469, 17.652921676635742, 1.7461036443710327, 1.392002820968628, 45000, 0.0002999250046875]
2026-06-13 06:07:42,792	vi_speaker_456	INFO	Train Epoch: 25 [88%]
2026-06-13 06:07:42,800	vi_speaker_456	INFO	[2.574716567993164, 2.2415831089019775, 13.633428573608398, 15.04714298248291, 1.7492003440856934, 1.3077001571655273, 45200, 0.0002999250046875]
2026-06-13 06:14:09,906	vi_speaker_456	INFO	Train Epoch: 25 [99%]
2026-06-13 06:14:09,910	vi_speaker_456	INFO	[2.2901883125305176, 2.562465190887451, 14.352571487426758, 16.79513168334961, 1.6332180500030518, 1.6029670238494873, 45400, 0.0002999250046875]
2026-06-13 06:14:53,538	vi_speaker_456	INFO	====> Epoch: 25
2026-06-13 06:20:38,830	vi_speaker_456	INFO	Train Epoch: 26 [10%]
2026-06-13 06:20:38,833	vi_speaker_456	INFO	[2.3894119262695312, 2.5429062843322754, 13.966972351074219, 15.672112464904785, 1.7380315065383911, 1.0903817415237427, 45600, 0.00029988751406191406]
2026-06-13 06:26:55,791	vi_speaker_456	INFO	Train Epoch: 26 [21%]
2026-06-13 06:26:55,795	vi_speaker_456	INFO	[2.3012542724609375, 2.6584110260009766, 16.818675994873047, 18.73697280883789, 1.640206217765808, 1.6442266702651978, 45800, 0.00029988751406191406]
2026-06-13 06:33:35,017	vi_speaker_456	INFO	Train Epoch: 26 [32%]
2026-06-13 06:33:35,020	vi_speaker_456	INFO	[2.342566967010498, 2.602661609649658, 17.82615089416504, 17.89738655090332, 1.6981217861175537, 1.3236833810806274, 46000, 0.00029988751406191406]
2026-06-13 06:41:03,012	vi_speaker_456	INFO	Saving model and optimizer state at iteration 26 to ./logs/vi_speaker_456/G_46000.pth
2026-06-13 06:41:50,529	vi_speaker_456	INFO	Saving model and optimizer state at iteration 26 to ./logs/vi_speaker_456/D_46000.pth
2026-06-13 06:42:49,854	vi_speaker_456	INFO	Saving model and optimizer state at iteration 26 to ./logs/vi_speaker_456/DUR_46000.pth
2026-06-13 06:42:49,873	vi_speaker_456	INFO	.. Free up space by deleting ckpt ./logs/vi_speaker_456/DUR_40000.pth
2026-06-13 06:42:49,876	vi_speaker_456	INFO	.. Free up space by deleting ckpt ./logs/vi_speaker_456/D_42000.pth
2026-06-13 07:07:01,595	vi_speaker_456	INFO	{'train': {'log_interval': 200, 'eval_interval': 2000, 'seed': 52, 'epochs': 10000, 'learning_rate': 0.0003, 'betas': [0.8, 0.99], 'eps': 1e-09, 'batch_size': 8, 'fp16_run': False, 'lr_decay': 0.999875, 'segment_size': 16384, 'init_lr_ratio': 1, 'warmup_epochs': 0, 'c_mel': 45, 'c_kl': 1.0, 'skip_optimizer': True, 'device': 'cuda:0'}, 'data': {'training_files': '/content/vits2-melo/melo/data/vi_speaker_44100_456/train.list', 'validation_files': '/content/vits2-melo/melo/data/vi_speaker_44100_456/val.list', 'max_wav_value': 32768.0, 'sampling_rate': 44100, 'filter_length': 2048, 'hop_length': 512, 'win_length': 2048, 'n_mel_channels': 128, 'mel_fmin': 0.0, 'mel_fmax': None, 'add_blank': True, 'n_speakers': 256, 'cleaned_text': True, 'spk2id': {'VI-default': 0}}, 'model': {'use_spk_conditioned_encoder': True, 'use_noise_scaled_mas': True, 'use_mel_posterior_encoder': False, 'use_duration_discriminator': True, 'inter_channels': 192, 'hidden_channels': 192, 'filter_channels': 768, 'n_heads': 2, 'n_layers': 6, 'n_layers_trans_flow': 3, 'kernel_size': 3, 'p_dropout': 0.1, 'resblock': '1', 'resblock_kernel_sizes': [3, 7, 11], 'resblock_dilation_sizes': [[1, 3, 5], [1, 3, 5], [1, 3, 5]], 'upsample_rates': [8, 8, 2, 2, 2], 'upsample_initial_channel': 512, 'upsample_kernel_sizes': [16, 16, 8, 2, 2], 'n_layers_q': 3, 'use_spectral_norm': False, 'gin_channels': 256}, 'device': 'cuda:0', 'num_languages': 10, 'num_tones': 24, 'symbols': ['_', '"', '(', ')', '*', '/', ':', 'AA', 'E', 'EE', 'En', 'N', 'OO', 'Q', 'V', '[', '\\', ']', '^', 'a', 'a:', 'aa', 'ae', 'ah', 'ai', 'an', 'ang', 'ao', 'aw', 'ay', 'b', 'by', 'c', 'ch', 'd', 'dh', 'dy', 'e', 'e:', 'eh', 'ei', 'en', 'eng', 'er', 'ey', 'f', 'g', 'gy', 'h', 'hh', 'hy', 'i', 'i0', 'i:', 'ia', 'ian', 'iang', 'iao', 'ie', 'ih', 'in', 'ing', 'iong', 'ir', 'iu', 'iy', 'j', 'jh', 'k', 'ky', 'l', 'm', 'my', 'n', 'ng', 'ny', 'o', 'o:', 'ong', 'ou', 'ow', 'oy', 'p', 'py', 'q', 'r', 'ry', 's', 'sh', 't', 'th', 'ts', 'ty', 'u', 'u:', 'ua', 'uai', 'uan', 'uang', 'uh', 'ui', 'un', 'uo', 'uw', 'v', 'van', 've', 'vn', 'w', 'x', 'y', 'z', 'zh', 'zy', '~', '¡', '¿', 'æ', 'ç', 'ð', 'ø', 'ŋ', 'œ', 'ɐ', 'ɑ', 'ɒ', 'ɔ', 'ɕ', 'ə', 'ɛ', 'ɜ', 'ɡ', 'ɣ', 'ɥ', 'ɦ', 'ɪ', 'ɫ', 'ɬ', 'ɭ', 'ɯ', 'ɲ', 'ɵ', 'ɸ', 'ɹ', 'ɾ', 'ʁ', 'ʃ', 'ʊ', 'ʌ', 'ʎ', 'ʏ', 'ʑ', 'ʒ', 'ʝ', 'ʲ', 'ˈ', 'ˌ', 'ː', '̃', '̩', 'β', 'θ', 'ᄀ', 'k͡p', 'ˈa', 'ɤ', 'ˈɛ', 'ˈi', 'ă', 'ˈe', 'ʔ', 'ŋ͡m', 'tʰ', 'ɤ̆', 'ᄌ', 'ᄍ', 'ᄎ', 'ᄏ', 'ᄐ', 'ᄑ', 'ᄒ', 'ᅡ', 'ᅢ', 'ᅣ', 'ᅤ', 'ᅥ', 'ᅦ', 'ᅧ', 'ᅨ', 'ᅩ', 'ᅪ', 'ᅫ', 'ᅬ', 'ᅭ', 'ᅮ', 'ᅯ', 'ᅰ', 'ᅱ', 'ᅲ', 'ᅳ', 'ᅴ', 'ᅵ', 'ᆨ', 'ᆫ', 'ᆮ', 'ᆯ', 'ᆷ', 'ᆸ', 'ᆼ', 'ㄸ', '!', '?', '…', ',', '.', "'", '-', 'SP', 'UNK'], 'model_dir': './logs/vi_speaker_456', 'pretrain_G': None, 'pretrain_D': None, 'pretrain_dur': None, 'port': 10000}
2026-06-13 07:07:01,599	vi_speaker_456	WARNING	/content/vits2-melo/melo is not a git repository, therefore hash value comparison will be ignored.
2026-06-13 07:07:07,151	vi_speaker_456	INFO	Loaded checkpoint './logs/vi_speaker_456/DUR_46000.pth' (iteration 26)
2026-06-13 07:07:09,937	vi_speaker_456	INFO	Loaded checkpoint './logs/vi_speaker_456/G_46000.pth' (iteration 26)
2026-06-13 07:07:12,164	vi_speaker_456	INFO	Loaded checkpoint './logs/vi_speaker_456/D_46000.pth' (iteration 26)
2026-06-13 07:14:18,476	vi_speaker_456	INFO	Train Epoch: 26 [10%]
2026-06-13 07:14:18,478	vi_speaker_456	INFO	[2.4674630165100098, 2.4709677696228027, 15.566372871398926, 18.083484649658203, 1.6831077337265015, 1.3705391883850098, 45600, 0.0003]
2026-06-13 07:20:44,810	vi_speaker_456	INFO	Train Epoch: 26 [21%]
2026-06-13 07:20:44,814	vi_speaker_456	INFO	[2.3734729290008545, 2.49764084815979, 15.30788803100586, 17.838335037231445, 1.6190519332885742, 1.5812009572982788, 45800, 0.0003]
2026-06-13 07:27:22,136	vi_speaker_456	INFO	Train Epoch: 26 [32%]
2026-06-13 07:27:22,140	vi_speaker_456	INFO	[2.586111068725586, 2.4164798259735107, 15.139315605163574, 17.126310348510742, 1.6897540092468262, 1.5356435775756836, 46000, 0.0003]
2026-06-13 07:37:04,401	vi_speaker_456	INFO	Saving model and optimizer state at iteration 26 to ./logs/vi_speaker_456/G_46000.pth
2026-06-13 07:38:19,344	vi_speaker_456	INFO	Saving model and optimizer state at iteration 26 to ./logs/vi_speaker_456/D_46000.pth
2026-06-13 07:39:35,305	vi_speaker_456	INFO	Saving model and optimizer state at iteration 26 to ./logs/vi_speaker_456/DUR_46000.pth
2026-06-13 07:46:03,719	vi_speaker_456	INFO	Train Epoch: 26 [43%]
2026-06-13 07:46:03,722	vi_speaker_456	INFO	[2.180788993835449, 2.5519039630889893, 17.07077980041504, 18.120189666748047, 1.6189327239990234, 1.3683961629867554, 46200, 0.0003]
2026-06-13 07:52:26,128	vi_speaker_456	INFO	Train Epoch: 26 [54%]
2026-06-13 07:52:26,139	vi_speaker_456	INFO	[2.552245616912842, 2.3119993209838867, 16.387121200561523, 17.63125228881836, 1.6238737106323242, 1.374414086341858, 46400, 0.0003]
2026-06-13 07:58:55,786	vi_speaker_456	INFO	Train Epoch: 26 [65%]
2026-06-13 07:58:55,789	vi_speaker_456	INFO	[2.496326446533203, 2.518643379211426, 18.185901641845703, 19.146230697631836, 1.6740965843200684, 1.301376461982727, 46600, 0.0003]
2026-06-13 08:05:30,941	vi_speaker_456	INFO	Train Epoch: 26 [76%]
2026-06-13 08:05:30,944	vi_speaker_456	INFO	[2.3148889541625977, 2.2990334033966064, 14.713903427124023, 16.195960998535156, 1.6291688680648804, 1.2466325759887695, 46800, 0.0003]
2026-06-13 08:11:44,643	vi_speaker_456	INFO	Train Epoch: 26 [87%]
2026-06-13 08:11:44,645	vi_speaker_456	INFO	[2.3886735439300537, 2.418647527694702, 15.734200477600098, 16.98764419555664, 1.6733399629592896, 1.3171894550323486, 47000, 0.0003]
2026-06-13 08:18:04,933	vi_speaker_456	INFO	Train Epoch: 26 [98%]
2026-06-13 08:18:04,937	vi_speaker_456	INFO	[2.436629056930542, 2.4309186935424805, 15.498526573181152, 17.165950775146484, 1.605224609375, 1.3426932096481323, 47200, 0.0003]
2026-06-13 08:19:23,217	vi_speaker_456	INFO	====> Epoch: 26
2026-06-13 08:24:31,578	vi_speaker_456	INFO	Train Epoch: 27 [9%]
2026-06-13 08:24:31,582	vi_speaker_456	INFO	[2.176938056945801, 2.61069393157959, 17.346817016601562, 16.560611724853516, 1.7246928215026855, 1.1844688653945923, 47400, 0.0002999625]
2026-06-13 08:30:52,720	vi_speaker_456	INFO	Train Epoch: 27 [20%]
2026-06-13 08:30:52,727	vi_speaker_456	INFO	[2.5173556804656982, 2.272637367248535, 12.466479301452637, 14.894325256347656, 1.63330078125, 1.2248955965042114, 47600, 0.0002999625]
2026-06-13 08:37:22,441	vi_speaker_456	INFO	Train Epoch: 27 [31%]
2026-06-13 08:37:22,446	vi_speaker_456	INFO	[2.3985342979431152, 2.7536213397979736, 17.126808166503906, 18.619258880615234, 1.654458999633789, 1.2446891069412231, 47800, 0.0002999625]
2026-06-13 08:43:44,397	vi_speaker_456	INFO	Train Epoch: 27 [42%]
2026-06-13 08:43:44,402	vi_speaker_456	INFO	[2.423124313354492, 2.2248175144195557, 11.791682243347168, 13.754509925842285, 1.6397013664245605, 1.2851126194000244, 48000, 0.0002999625]
2026-06-13 08:52:16,919	vi_speaker_456	INFO	Saving model and optimizer state at iteration 27 to ./logs/vi_speaker_456/G_48000.pth
2026-06-13 08:53:19,604	vi_speaker_456	INFO	Saving model and optimizer state at iteration 27 to ./logs/vi_speaker_456/D_48000.pth
2026-06-13 08:54:29,442	vi_speaker_456	INFO	Saving model and optimizer state at iteration 27 to ./logs/vi_speaker_456/DUR_48000.pth
2026-06-13 09:00:56,062	vi_speaker_456	INFO	Train Epoch: 27 [53%]
2026-06-13 09:00:56,064	vi_speaker_456	INFO	[2.3326663970947266, 2.4068660736083984, 14.518074035644531, 15.47446060180664, 1.6188554763793945, 1.1568950414657593, 48200, 0.0002999625]
2026-06-13 09:07:21,844	vi_speaker_456	INFO	Train Epoch: 27 [64%]
2026-06-13 09:07:21,849	vi_speaker_456	INFO	[2.4703369140625, 2.527296543121338, 16.679580688476562, 19.033164978027344, 1.6484205722808838, 1.2386773824691772, 48400, 0.0002999625]
2026-06-13 09:13:53,459	vi_speaker_456	INFO	Train Epoch: 27 [75%]
2026-06-13 09:13:53,461	vi_speaker_456	INFO	[2.68249773979187, 2.34539794921875, 16.78559684753418, 17.8781681060791, 1.6819947957992554, 1.4639509916305542, 48600, 0.0002999625]
2026-06-13 09:20:26,936	vi_speaker_456	INFO	Train Epoch: 27 [86%]
2026-06-13 09:20:26,941	vi_speaker_456	INFO	[2.4130849838256836, 2.2947068214416504, 15.12602710723877, 17.431982040405273, 1.5925703048706055, 1.2484204769134521, 48800, 0.0002999625]
2026-06-13 09:26:57,874	vi_speaker_456	INFO	Train Epoch: 27 [97%]
2026-06-13 09:26:57,876	vi_speaker_456	INFO	[2.3452601432800293, 2.541897773742676, 14.653190612792969, 16.759654998779297, 1.6464574337005615, 1.2750319242477417, 49000, 0.0002999625]
2026-06-13 09:28:51,783	vi_speaker_456	INFO	====> Epoch: 27
2026-06-13 09:33:37,318	vi_speaker_456	INFO	Train Epoch: 28 [8%]
2026-06-13 09:33:37,326	vi_speaker_456	INFO	[2.350389242172241, 2.4765536785125732, 16.491798400878906, 18.397079467773438, 1.660654067993164, 1.3715366125106812, 49200, 0.0002999250046875]
2026-06-13 09:40:13,752	vi_speaker_456	INFO	Train Epoch: 28 [19%]
2026-06-13 09:40:13,763	vi_speaker_456	INFO	[2.3832526206970215, 2.3778810501098633, 13.906054496765137, 16.32541847229004, 1.6302263736724854, 1.4357221126556396, 49400, 0.0002999250046875]
2026-06-13 09:46:54,937	vi_speaker_456	INFO	Train Epoch: 28 [30%]
2026-06-13 09:46:54,943	vi_speaker_456	INFO	[2.397028684616089, 2.26393461227417, 14.265642166137695, 16.35854148864746, 1.641261100769043, 1.403178334236145, 49600, 0.0002999250046875]
2026-06-13 09:53:28,398	vi_speaker_456	INFO	Train Epoch: 28 [41%]
2026-06-13 09:53:28,403	vi_speaker_456	INFO	[2.2495884895324707, 2.523409366607666, 16.033363342285156, 17.842201232910156, 1.6652575731277466, 1.5119837522506714, 49800, 0.0002999250046875]
2026-06-13 09:59:57,056	vi_speaker_456	INFO	Train Epoch: 28 [52%]
2026-06-13 09:59:57,058	vi_speaker_456	INFO	[2.5764026641845703, 2.2211735248565674, 12.771635055541992, 14.114514350891113, 1.6049710512161255, 1.2155567407608032, 50000, 0.0002999250046875]
2026-06-13 10:06:54,522	vi_speaker_456	INFO	Saving model and optimizer state at iteration 28 to ./logs/vi_speaker_456/G_50000.pth
2026-06-13 10:07:54,505	vi_speaker_456	INFO	Saving model and optimizer state at iteration 28 to ./logs/vi_speaker_456/D_50000.pth
2026-06-13 10:08:56,171	vi_speaker_456	INFO	Saving model and optimizer state at iteration 28 to ./logs/vi_speaker_456/DUR_50000.pth
2026-06-13 10:08:56,517	vi_speaker_456	INFO	.. Free up space by deleting ckpt ./logs/vi_speaker_456/D_46000.pth
2026-06-13 10:15:27,101	vi_speaker_456	INFO	Train Epoch: 28 [63%]
2026-06-13 10:15:27,104	vi_speaker_456	INFO	[2.3522181510925293, 2.531008720397949, 16.53280258178711, 17.101716995239258, 1.6091694831848145, 1.2352120876312256, 50200, 0.0002999250046875]
2026-06-13 10:21:58,407	vi_speaker_456	INFO	Train Epoch: 28 [74%]
2026-06-13 10:21:58,412	vi_speaker_456	INFO	[2.253070116043091, 2.72087025642395, 15.511436462402344, 17.609355926513672, 1.6926579475402832, 1.2711366415023804, 50400, 0.0002999250046875]
2026-06-13 10:28:27,142	vi_speaker_456	INFO	Train Epoch: 28 [85%]
2026-06-13 10:28:27,147	vi_speaker_456	INFO	[2.7796545028686523, 2.227794885635376, 14.295604705810547, 16.23940086364746, 1.6589186191558838, 1.2559586763381958, 50600, 0.0002999250046875]
2026-06-13 10:34:56,384	vi_speaker_456	INFO	Train Epoch: 28 [96%]
2026-06-13 10:34:56,387	vi_speaker_456	INFO	[2.5099239349365234, 2.5380592346191406, 14.880800247192383, 16.981220245361328, 1.687078595161438, 0.9841098785400391, 50800, 0.0002999250046875]
2026-06-13 10:37:22,323	vi_speaker_456	INFO	====> Epoch: 28
2026-06-13 10:41:35,531	vi_speaker_456	INFO	Train Epoch: 29 [7%]
2026-06-13 10:41:35,537	vi_speaker_456	INFO	[2.198535919189453, 2.966876983642578, 18.278350830078125, 19.332595825195312, 1.6557011604309082, 1.3838051557540894, 51000, 0.00029988751406191406]
2026-06-13 10:48:01,814	vi_speaker_456	INFO	Train Epoch: 29 [18%]
2026-06-13 10:48:01,819	vi_speaker_456	INFO	[2.4877076148986816, 2.4206807613372803, 15.315765380859375, 16.23995018005371, 1.6527001857757568, 1.1385835409164429, 51200, 0.00029988751406191406]
2026-06-13 10:54:29,214	vi_speaker_456	INFO	Train Epoch: 29 [29%]
2026-06-13 10:54:29,217	vi_speaker_456	INFO	[2.5212292671203613, 2.2537362575531006, 13.433547019958496, 15.689801216125488, 1.6367207765579224, 1.7264710664749146, 51400, 0.00029988751406191406]
2026-06-13 11:00:58,307	vi_speaker_456	INFO	Train Epoch: 29 [40%]
2026-06-13 11:00:58,310	vi_speaker_456	INFO	[2.1427056789398193, 2.903207302093506, 15.152488708496094, 16.905811309814453, 1.6846046447753906, 1.4601725339889526, 51600, 0.00029988751406191406]
2026-06-13 11:07:23,287	vi_speaker_456	INFO	Train Epoch: 29 [51%]
2026-06-13 11:07:23,293	vi_speaker_456	INFO	[2.4481379985809326, 2.387035369873047, 15.936248779296875, 18.617389678955078, 1.6624045372009277, 1.3494341373443604, 51800, 0.00029988751406191406]
2026-06-13 11:13:45,940	vi_speaker_456	INFO	Train Epoch: 29 [62%]
2026-06-13 11:13:45,945	vi_speaker_456	INFO	[2.179201602935791, 2.53702974319458, 17.97239875793457, 19.07154083251953, 1.6505529880523682, 1.412838339805603, 52000, 0.00029988751406191406]
2026-06-13 11:21:12,747	vi_speaker_456	INFO	Saving model and optimizer state at iteration 29 to ./logs/vi_speaker_456/G_52000.pth
2026-06-13 11:22:12,390	vi_speaker_456	INFO	Saving model and optimizer state at iteration 29 to ./logs/vi_speaker_456/D_52000.pth
2026-06-13 11:23:17,864	vi_speaker_456	INFO	Saving model and optimizer state at iteration 29 to ./logs/vi_speaker_456/DUR_52000.pth
2026-06-14 00:50:27,426	vi_speaker_456	INFO	{'train': {'log_interval': 200, 'eval_interval': 2000, 'seed': 52, 'epochs': 10000, 'learning_rate': 0.0003, 'betas': [0.8, 0.99], 'eps': 1e-09, 'batch_size': 8, 'fp16_run': False, 'lr_decay': 0.999875, 'segment_size': 16384, 'init_lr_ratio': 1, 'warmup_epochs': 0, 'c_mel': 45, 'c_kl': 1.0, 'skip_optimizer': True, 'device': 'cuda:0'}, 'data': {'training_files': '/content/vits2-melo/melo/data/vi_speaker_44100_456/train.list', 'validation_files': '/content/vits2-melo/melo/data/vi_speaker_44100_456/val.list', 'max_wav_value': 32768.0, 'sampling_rate': 44100, 'filter_length': 2048, 'hop_length': 512, 'win_length': 2048, 'n_mel_channels': 128, 'mel_fmin': 0.0, 'mel_fmax': None, 'add_blank': True, 'n_speakers': 256, 'cleaned_text': True, 'spk2id': {'VI-default': 0}}, 'model': {'use_spk_conditioned_encoder': True, 'use_noise_scaled_mas': True, 'use_mel_posterior_encoder': False, 'use_duration_discriminator': True, 'inter_channels': 192, 'hidden_channels': 192, 'filter_channels': 768, 'n_heads': 2, 'n_layers': 6, 'n_layers_trans_flow': 3, 'kernel_size': 3, 'p_dropout': 0.1, 'resblock': '1', 'resblock_kernel_sizes': [3, 7, 11], 'resblock_dilation_sizes': [[1, 3, 5], [1, 3, 5], [1, 3, 5]], 'upsample_rates': [8, 8, 2, 2, 2], 'upsample_initial_channel': 512, 'upsample_kernel_sizes': [16, 16, 8, 2, 2], 'n_layers_q': 3, 'use_spectral_norm': False, 'gin_channels': 256}, 'device': 'cuda:0', 'num_languages': 10, 'num_tones': 24, 'symbols': ['_', '"', '(', ')', '*', '/', ':', 'AA', 'E', 'EE', 'En', 'N', 'OO', 'Q', 'V', '[', '\\', ']', '^', 'a', 'a:', 'aa', 'ae', 'ah', 'ai', 'an', 'ang', 'ao', 'aw', 'ay', 'b', 'by', 'c', 'ch', 'd', 'dh', 'dy', 'e', 'e:', 'eh', 'ei', 'en', 'eng', 'er', 'ey', 'f', 'g', 'gy', 'h', 'hh', 'hy', 'i', 'i0', 'i:', 'ia', 'ian', 'iang', 'iao', 'ie', 'ih', 'in', 'ing', 'iong', 'ir', 'iu', 'iy', 'j', 'jh', 'k', 'ky', 'l', 'm', 'my', 'n', 'ng', 'ny', 'o', 'o:', 'ong', 'ou', 'ow', 'oy', 'p', 'py', 'q', 'r', 'ry', 's', 'sh', 't', 'th', 'ts', 'ty', 'u', 'u:', 'ua', 'uai', 'uan', 'uang', 'uh', 'ui', 'un', 'uo', 'uw', 'v', 'van', 've', 'vn', 'w', 'x', 'y', 'z', 'zh', 'zy', '~', '¡', '¿', 'æ', 'ç', 'ð', 'ø', 'ŋ', 'œ', 'ɐ', 'ɑ', 'ɒ', 'ɔ', 'ɕ', 'ə', 'ɛ', 'ɜ', 'ɡ', 'ɣ', 'ɥ', 'ɦ', 'ɪ', 'ɫ', 'ɬ', 'ɭ', 'ɯ', 'ɲ', 'ɵ', 'ɸ', 'ɹ', 'ɾ', 'ʁ', 'ʃ', 'ʊ', 'ʌ', 'ʎ', 'ʏ', 'ʑ', 'ʒ', 'ʝ', 'ʲ', 'ˈ', 'ˌ', 'ː', '̃', '̩', 'β', 'θ', 'ᄀ', 'k͡p', 'ˈa', 'ɤ', 'ˈɛ', 'ˈi', 'ă', 'ˈe', 'ʔ', 'ŋ͡m', 'tʰ', 'ɤ̆', 'ᄌ', 'ᄍ', 'ᄎ', 'ᄏ', 'ᄐ', 'ᄑ', 'ᄒ', 'ᅡ', 'ᅢ', 'ᅣ', 'ᅤ', 'ᅥ', 'ᅦ', 'ᅧ', 'ᅨ', 'ᅩ', 'ᅪ', 'ᅫ', 'ᅬ', 'ᅭ', 'ᅮ', 'ᅯ', 'ᅰ', 'ᅱ', 'ᅲ', 'ᅳ', 'ᅴ', 'ᅵ', 'ᆨ', 'ᆫ', 'ᆮ', 'ᆯ', 'ᆷ', 'ᆸ', 'ᆼ', 'ㄸ', '!', '?', '…', ',', '.', "'", '-', 'SP', 'UNK'], 'model_dir': './logs/vi_speaker_456', 'pretrain_G': None, 'pretrain_D': None, 'pretrain_dur': None, 'port': 10000}
2026-06-14 00:50:27,427	vi_speaker_456	WARNING	/content/vits2-melo/melo is not a git repository, therefore hash value comparison will be ignored.
2026-06-14 00:50:31,988	vi_speaker_456	INFO	Loaded checkpoint './logs/vi_speaker_456/DUR_54000.pth' (iteration 30)
2026-06-14 00:50:33,087	vi_speaker_456	INFO	Loaded checkpoint './logs/vi_speaker_456/G_54000.pth' (iteration 30)
2026-06-14 00:50:35,359	vi_speaker_456	INFO	Loaded checkpoint './logs/vi_speaker_456/D_54000.pth' (iteration 30)
2026-06-14 00:54:55,733	vi_speaker_456	INFO	Train Epoch: 30 [6%]
2026-06-14 00:54:55,738	vi_speaker_456	INFO	[2.214125871658325, 2.7699708938598633, 16.049348831176758, 18.77865982055664, 1.6354632377624512, 1.176745057106018, 52800, 0.0003]
2026-06-14 01:00:59,542	vi_speaker_456	INFO	Train Epoch: 30 [17%]
2026-06-14 01:00:59,543	vi_speaker_456	INFO	[2.334703207015991, 2.3129658699035645, 13.830531120300293, 16.035192489624023, 1.593148946762085, 1.5043712854385376, 53000, 0.0003]
2026-06-14 01:06:39,530	vi_speaker_456	INFO	Train Epoch: 30 [28%]
2026-06-14 01:06:39,533	vi_speaker_456	INFO	[2.465480327606201, 2.3674468994140625, 16.150306701660156, 18.601398468017578, 1.703984260559082, 0.8568207025527954, 53200, 0.0003]
2026-06-14 01:12:23,582	vi_speaker_456	INFO	Train Epoch: 30 [39%]
2026-06-14 01:12:23,589	vi_speaker_456	INFO	[2.3950319290161133, 2.471116542816162, 15.00278091430664, 17.156658172607422, 1.6608837842941284, 1.204324722290039, 53400, 0.0003]
2026-06-14 01:17:49,994	vi_speaker_456	INFO	Train Epoch: 30 [50%]
2026-06-14 01:17:50,003	vi_speaker_456	INFO	[2.2712721824645996, 2.480189323425293, 14.056526184082031, 16.0201473236084, 1.6405091285705566, 1.2351287603378296, 53600, 0.0003]
2026-06-14 01:23:10,950	vi_speaker_456	INFO	Train Epoch: 30 [61%]
2026-06-14 01:23:10,955	vi_speaker_456	INFO	[2.4600181579589844, 2.6749114990234375, 13.872690200805664, 15.810868263244629, 1.6441236734390259, 1.6602704524993896, 53800, 0.0003]
2026-06-14 01:28:36,788	vi_speaker_456	INFO	Train Epoch: 30 [72%]
2026-06-14 01:28:36,797	vi_speaker_456	INFO	[2.2289676666259766, 2.437692165374756, 15.18045711517334, 17.079500198364258, 1.6394917964935303, 1.321327567100525, 54000, 0.0003]
2026-06-14 01:38:19,254	vi_speaker_456	INFO	Saving model and optimizer state at iteration 30 to ./logs/vi_speaker_456/G_54000.pth
2026-06-14 01:39:15,641	vi_speaker_456	INFO	Saving model and optimizer state at iteration 30 to ./logs/vi_speaker_456/D_54000.pth
2026-06-14 01:40:19,049	vi_speaker_456	INFO	Saving model and optimizer state at iteration 30 to ./logs/vi_speaker_456/DUR_54000.pth
2026-06-14 01:45:43,495	vi_speaker_456	INFO	Train Epoch: 30 [83%]
2026-06-14 01:45:43,498	vi_speaker_456	INFO	[2.249342679977417, 2.3919358253479004, 13.809537887573242, 16.85129165649414, 1.6170364618301392, 1.47273850440979, 54200, 0.0003]
2026-06-14 01:51:06,971	vi_speaker_456	INFO	Train Epoch: 30 [94%]
2026-06-14 01:51:06,976	vi_speaker_456	INFO	[2.43861722946167, 2.382627010345459, 11.886592864990234, 15.064444541931152, 1.6323931217193604, 1.2672780752182007, 54400, 0.0003]
2026-06-14 01:53:59,540	vi_speaker_456	INFO	====> Epoch: 30
2026-06-14 01:56:32,812	vi_speaker_456	INFO	Train Epoch: 31 [5%]
2026-06-14 01:56:32,817	vi_speaker_456	INFO	[2.4506192207336426, 2.4473400115966797, 14.958307266235352, 17.41650390625, 1.618870735168457, 1.5385221242904663, 54600, 0.0002999625]
2026-06-14 02:01:51,120	vi_speaker_456	INFO	Train Epoch: 31 [16%]
2026-06-14 02:01:51,125	vi_speaker_456	INFO	[1.9527326822280884, 2.976980209350586, 16.692319869995117, 18.241151809692383, 1.6163971424102783, 1.3632289171218872, 54800, 0.0002999625]
2026-06-14 02:07:10,168	vi_speaker_456	INFO	Train Epoch: 31 [27%]
2026-06-14 02:07:10,174	vi_speaker_456	INFO	[2.526982307434082, 2.34950590133667, 12.29909610748291, 15.413379669189453, 1.6729202270507812, 1.5124672651290894, 55000, 0.0002999625]
2026-06-14 02:12:28,457	vi_speaker_456	INFO	Train Epoch: 31 [38%]
2026-06-14 02:12:28,461	vi_speaker_456	INFO	[2.0825371742248535, 2.699848175048828, 16.950103759765625, 17.864450454711914, 1.6781384944915771, 1.333404541015625, 55200, 0.0002999625]
2026-06-14 02:17:47,646	vi_speaker_456	INFO	Train Epoch: 31 [49%]
2026-06-14 02:17:47,677	vi_speaker_456	INFO	[2.179377317428589, 2.897205352783203, 16.084632873535156, 18.169689178466797, 1.7496800422668457, 1.0905505418777466, 55400, 0.0002999625]
2026-06-14 02:23:14,994	vi_speaker_456	INFO	Train Epoch: 31 [60%]
2026-06-14 02:23:15,001	vi_speaker_456	INFO	[2.218608856201172, 2.6375272274017334, 14.670879364013672, 16.203283309936523, 1.6554523706436157, 1.272300124168396, 55600, 0.0002999625]
2026-06-14 02:28:36,877	vi_speaker_456	INFO	Train Epoch: 31 [71%]
2026-06-14 02:28:36,882	vi_speaker_456	INFO	[2.286360502243042, 2.562497138977051, 15.884888648986816, 18.076688766479492, 1.6327589750289917, 1.3130154609680176, 55800, 0.0002999625]
2026-06-14 02:34:01,883	vi_speaker_456	INFO	Train Epoch: 31 [82%]
2026-06-14 02:34:01,885	vi_speaker_456	INFO	[2.509310483932495, 2.437852621078491, 12.446735382080078, 16.723705291748047, 1.6190705299377441, 1.475326418876648, 56000, 0.0002999625]
2026-06-14 02:40:42,438	vi_speaker_456	INFO	Saving model and optimizer state at iteration 31 to ./logs/vi_speaker_456/G_56000.pth
2026-06-14 02:41:32,696	vi_speaker_456	INFO	Saving model and optimizer state at iteration 31 to ./logs/vi_speaker_456/D_56000.pth
2026-06-14 02:42:41,928	vi_speaker_456	INFO	Saving model and optimizer state at iteration 31 to ./logs/vi_speaker_456/DUR_56000.pth
2026-06-14 02:48:05,782	vi_speaker_456	INFO	Train Epoch: 31 [93%]
2026-06-14 02:48:05,787	vi_speaker_456	INFO	[2.3558685779571533, 2.7250478267669678, 15.695050239562988, 17.46608543395996, 1.7039039134979248, 1.7323507070541382, 56200, 0.0002999625]
2026-06-14 02:51:29,878	vi_speaker_456	INFO	====> Epoch: 31
2026-06-14 02:53:36,446	vi_speaker_456	INFO	Train Epoch: 32 [4%]
2026-06-14 02:53:36,450	vi_speaker_456	INFO	[2.088747262954712, 2.908893585205078, 17.243818283081055, 17.873519897460938, 1.6841002702713013, 1.5262789726257324, 56400, 0.0002999250046875]
2026-06-14 02:58:59,872	vi_speaker_456	INFO	Train Epoch: 32 [15%]
2026-06-14 02:58:59,874	vi_speaker_456	INFO	[2.48179292678833, 2.4827558994293213, 11.422052383422852, 13.681333541870117, 1.7332550287246704, 1.028517484664917, 56600, 0.0002999250046875]
2026-06-14 03:04:27,171	vi_speaker_456	INFO	Train Epoch: 32 [26%]
2026-06-14 03:04:27,176	vi_speaker_456	INFO	[2.3893587589263916, 2.563987970352173, 12.91558837890625, 15.56424617767334, 1.7112375497817993, 1.2255796194076538, 56800, 0.0002999250046875]
2026-06-14 03:09:52,634	vi_speaker_456	INFO	Train Epoch: 32 [37%]
2026-06-14 03:09:52,638	vi_speaker_456	INFO	[2.0068092346191406, 2.8625707626342773, 17.139854431152344, 18.332447052001953, 1.7050129175186157, 1.3246266841888428, 57000, 0.0002999250046875]
2026-06-14 03:15:14,738	vi_speaker_456	INFO	Train Epoch: 32 [48%]
2026-06-14 03:15:14,741	vi_speaker_456	INFO	[2.4881539344787598, 2.5459437370300293, 15.550729751586914, 19.103660583496094, 1.6722996234893799, 1.275840401649475, 57200, 0.0002999250046875]
2026-06-14 03:20:32,628	vi_speaker_456	INFO	Train Epoch: 32 [59%]
2026-06-14 03:20:32,632	vi_speaker_456	INFO	[2.167703866958618, 2.97233247756958, 17.6949462890625, 18.808807373046875, 1.6162489652633667, 1.2493245601654053, 57400, 0.0002999250046875]
2026-06-14 03:25:57,282	vi_speaker_456	INFO	Train Epoch: 32 [70%]
2026-06-14 03:25:57,285	vi_speaker_456	INFO	[2.199737310409546, 2.898204803466797, 17.842056274414062, 19.749385833740234, 1.643819808959961, 1.2020196914672852, 57600, 0.0002999250046875]
2026-06-14 03:31:18,903	vi_speaker_456	INFO	Train Epoch: 32 [81%]
2026-06-14 03:31:18,908	vi_speaker_456	INFO	[2.0372700691223145, 2.7642405033111572, 17.47123146057129, 18.941875457763672, 1.5934226512908936, 1.41117525100708, 57800, 0.0002999250046875]
2026-06-14 03:36:42,799	vi_speaker_456	INFO	Train Epoch: 32 [92%]
2026-06-14 03:36:42,801	vi_speaker_456	INFO	[2.2993786334991455, 2.460871696472168, 14.21566390991211, 16.537494659423828, 1.6949985027313232, 1.1033332347869873, 58000, 0.0002999250046875]
2026-06-14 03:43:36,250	vi_speaker_456	INFO	Saving model and optimizer state at iteration 32 to ./logs/vi_speaker_456/G_58000.pth
2026-06-14 03:44:36,486	vi_speaker_456	INFO	Saving model and optimizer state at iteration 32 to ./logs/vi_speaker_456/D_58000.pth
2026-06-14 03:45:40,781	vi_speaker_456	INFO	Saving model and optimizer state at iteration 32 to ./logs/vi_speaker_456/DUR_58000.pth
2026-06-14 03:45:45,443	vi_speaker_456	INFO	.. Free up space by deleting ckpt ./logs/vi_speaker_456/D_54000.pth
2026-06-14 03:49:35,908	vi_speaker_456	INFO	====> Epoch: 32
2026-06-14 03:51:20,205	vi_speaker_456	INFO	Train Epoch: 33 [3%]
2026-06-14 03:51:20,208	vi_speaker_456	INFO	[2.293090343475342, 2.61045241355896, 14.978747367858887, 16.76886558532715, 1.6089998483657837, 1.2662328481674194, 58200, 0.00029988751406191406]
2026-06-14 03:56:53,893	vi_speaker_456	INFO	Train Epoch: 33 [14%]
2026-06-14 03:56:53,895	vi_speaker_456	INFO	[2.200612783432007, 2.663949728012085, 13.12267780303955, 15.320119857788086, 1.7185771465301514, 1.3566194772720337, 58400, 0.00029988751406191406]
2026-06-14 04:02:19,037	vi_speaker_456	INFO	Train Epoch: 33 [25%]
2026-06-14 04:02:20,012	vi_speaker_456	INFO	[2.0473203659057617, 2.7081987857818604, 16.651227951049805, 17.426807403564453, 1.6463017463684082, 1.304185152053833, 58600, 0.00029988751406191406]
2026-06-14 04:07:41,845	vi_speaker_456	INFO	Train Epoch: 33 [36%]
2026-06-14 04:07:41,865	vi_speaker_456	INFO	[2.10023832321167, 2.8054723739624023, 15.70756721496582, 18.31930160522461, 1.5627384185791016, 1.4893131256103516, 58800, 0.00029988751406191406]
2026-06-14 04:13:10,577	vi_speaker_456	INFO	Train Epoch: 33 [47%]
2026-06-14 04:13:10,581	vi_speaker_456	INFO	[2.3662967681884766, 2.6056690216064453, 12.765369415283203, 15.885296821594238, 1.724310278892517, 1.245091438293457, 59000, 0.00029988751406191406]
2026-06-14 04:18:38,695	vi_speaker_456	INFO	Train Epoch: 33 [58%]
2026-06-14 04:18:38,698	vi_speaker_456	INFO	[2.1832399368286133, 3.050088405609131, 15.744142532348633, 16.86882209777832, 1.6090681552886963, 1.2150189876556396, 59200, 0.00029988751406191406]
2026-06-14 04:24:03,624	vi_speaker_456	INFO	Train Epoch: 33 [69%]
2026-06-14 04:24:03,629	vi_speaker_456	INFO	[2.241083860397339, 2.634294033050537, 16.95673370361328, 18.155961990356445, 1.6011781692504883, 1.4974397420883179, 59400, 0.00029988751406191406]
2026-06-14 04:29:29,598	vi_speaker_456	INFO	Train Epoch: 33 [80%]
2026-06-14 04:29:29,600	vi_speaker_456	INFO	[2.1540043354034424, 2.8050012588500977, 15.650222778320312, 18.571950912475586, 1.6137255430221558, 1.6683040857315063, 59600, 0.00029988751406191406]
2026-06-14 04:34:51,279	vi_speaker_456	INFO	Train Epoch: 33 [91%]
2026-06-14 04:34:51,283	vi_speaker_456	INFO	[2.3901920318603516, 2.811671495437622, 16.333314895629883, 17.670574188232422, 1.6363146305084229, 1.3441861867904663, 59800, 0.00029988751406191406]
2026-06-14 04:39:09,093	vi_speaker_456	INFO	====> Epoch: 33
2026-06-14 04:40:17,435	vi_speaker_456	INFO	Train Epoch: 34 [2%]
2026-06-14 04:40:17,442	vi_speaker_456	INFO	[2.4276018142700195, 2.3816792964935303, 12.614569664001465, 15.798761367797852, 1.606196403503418, 1.393245816230774, 60000, 0.00029985002812265633]
2026-06-14 04:47:29,392	vi_speaker_456	INFO	Saving model and optimizer state at iteration 34 to ./logs/vi_speaker_456/G_60000.pth
2026-06-14 04:48:21,021	vi_speaker_456	INFO	Saving model and optimizer state at iteration 34 to ./logs/vi_speaker_456/D_60000.pth
2026-06-14 04:49:16,330	vi_speaker_456	INFO	Saving model and optimizer state at iteration 34 to ./logs/vi_speaker_456/DUR_60000.pth
2026-06-14 05:11:20,584	vi_speaker_456	INFO	{'train': {'log_interval': 200, 'eval_interval': 2000, 'seed': 52, 'epochs': 10000, 'learning_rate': 0.0003, 'betas': [0.8, 0.99], 'eps': 1e-09, 'batch_size': 8, 'fp16_run': False, 'lr_decay': 0.999875, 'segment_size': 16384, 'init_lr_ratio': 1, 'warmup_epochs': 0, 'c_mel': 45, 'c_kl': 1.0, 'skip_optimizer': True, 'device': 'cuda:0'}, 'data': {'training_files': '/content/vits2-melo/melo/data/vi_speaker_44100_456/train.list', 'validation_files': '/content/vits2-melo/melo/data/vi_speaker_44100_456/val.list', 'max_wav_value': 32768.0, 'sampling_rate': 44100, 'filter_length': 2048, 'hop_length': 512, 'win_length': 2048, 'n_mel_channels': 128, 'mel_fmin': 0.0, 'mel_fmax': None, 'add_blank': True, 'n_speakers': 256, 'cleaned_text': True, 'spk2id': {'VI-default': 0}}, 'model': {'use_spk_conditioned_encoder': True, 'use_noise_scaled_mas': True, 'use_mel_posterior_encoder': False, 'use_duration_discriminator': True, 'inter_channels': 192, 'hidden_channels': 192, 'filter_channels': 768, 'n_heads': 2, 'n_layers': 6, 'n_layers_trans_flow': 3, 'kernel_size': 3, 'p_dropout': 0.1, 'resblock': '1', 'resblock_kernel_sizes': [3, 7, 11], 'resblock_dilation_sizes': [[1, 3, 5], [1, 3, 5], [1, 3, 5]], 'upsample_rates': [8, 8, 2, 2, 2], 'upsample_initial_channel': 512, 'upsample_kernel_sizes': [16, 16, 8, 2, 2], 'n_layers_q': 3, 'use_spectral_norm': False, 'gin_channels': 256}, 'device': 'cuda:0', 'num_languages': 10, 'num_tones': 24, 'symbols': ['_', '"', '(', ')', '*', '/', ':', 'AA', 'E', 'EE', 'En', 'N', 'OO', 'Q', 'V', '[', '\\', ']', '^', 'a', 'a:', 'aa', 'ae', 'ah', 'ai', 'an', 'ang', 'ao', 'aw', 'ay', 'b', 'by', 'c', 'ch', 'd', 'dh', 'dy', 'e', 'e:', 'eh', 'ei', 'en', 'eng', 'er', 'ey', 'f', 'g', 'gy', 'h', 'hh', 'hy', 'i', 'i0', 'i:', 'ia', 'ian', 'iang', 'iao', 'ie', 'ih', 'in', 'ing', 'iong', 'ir', 'iu', 'iy', 'j', 'jh', 'k', 'ky', 'l', 'm', 'my', 'n', 'ng', 'ny', 'o', 'o:', 'ong', 'ou', 'ow', 'oy', 'p', 'py', 'q', 'r', 'ry', 's', 'sh', 't', 'th', 'ts', 'ty', 'u', 'u:', 'ua', 'uai', 'uan', 'uang', 'uh', 'ui', 'un', 'uo', 'uw', 'v', 'van', 've', 'vn', 'w', 'x', 'y', 'z', 'zh', 'zy', '~', '¡', '¿', 'æ', 'ç', 'ð', 'ø', 'ŋ', 'œ', 'ɐ', 'ɑ', 'ɒ', 'ɔ', 'ɕ', 'ə', 'ɛ', 'ɜ', 'ɡ', 'ɣ', 'ɥ', 'ɦ', 'ɪ', 'ɫ', 'ɬ', 'ɭ', 'ɯ', 'ɲ', 'ɵ', 'ɸ', 'ɹ', 'ɾ', 'ʁ', 'ʃ', 'ʊ', 'ʌ', 'ʎ', 'ʏ', 'ʑ', 'ʒ', 'ʝ', 'ʲ', 'ˈ', 'ˌ', 'ː', '̃', '̩', 'β', 'θ', 'ᄀ', 'k͡p', 'ˈa', 'ɤ', 'ˈɛ', 'ˈi', 'ă', 'ˈe', 'ʔ', 'ŋ͡m', 'tʰ', 'ɤ̆', 'ᄌ', 'ᄍ', 'ᄎ', 'ᄏ', 'ᄐ', 'ᄑ', 'ᄒ', 'ᅡ', 'ᅢ', 'ᅣ', 'ᅤ', 'ᅥ', 'ᅦ', 'ᅧ', 'ᅨ', 'ᅩ', 'ᅪ', 'ᅫ', 'ᅬ', 'ᅭ', 'ᅮ', 'ᅯ', 'ᅰ', 'ᅱ', 'ᅲ', 'ᅳ', 'ᅴ', 'ᅵ', 'ᆨ', 'ᆫ', 'ᆮ', 'ᆯ', 'ᆷ', 'ᆸ', 'ᆼ', 'ㄸ', '!', '?', '…', ',', '.', "'", '-', 'SP', 'UNK'], 'model_dir': './logs/vi_speaker_456', 'pretrain_G': None, 'pretrain_D': None, 'pretrain_dur': None, 'port': 10000}
2026-06-14 05:11:20,587	vi_speaker_456	WARNING	/content/vits2-melo/melo is not a git repository, therefore hash value comparison will be ignored.
2026-06-14 05:11:26,387	vi_speaker_456	INFO	Loaded checkpoint './logs/vi_speaker_456/DUR_60000.pth' (iteration 34)
2026-06-14 05:11:29,180	vi_speaker_456	INFO	Loaded checkpoint './logs/vi_speaker_456/G_60000.pth' (iteration 34)
2026-06-14 05:11:31,415	vi_speaker_456	INFO	Loaded checkpoint './logs/vi_speaker_456/D_60000.pth' (iteration 34)
2026-06-14 05:13:41,603	vi_speaker_456	INFO	Train Epoch: 34 [2%]
2026-06-14 05:13:41,609	vi_speaker_456	INFO	[2.360886812210083, 2.306980609893799, 15.340203285217285, 16.952260971069336, 1.6144777536392212, 1.4139705896377563, 60000, 0.0003]
2026-06-14 05:23:39,420	vi_speaker_456	INFO	Saving model and optimizer state at iteration 34 to ./logs/vi_speaker_456/G_60000.pth
2026-06-14 05:23:51,364	vi_speaker_456	INFO	Saving model and optimizer state at iteration 34 to ./logs/vi_speaker_456/D_60000.pth
2026-06-14 05:24:18,541	vi_speaker_456	INFO	Saving model and optimizer state at iteration 34 to ./logs/vi_speaker_456/DUR_60000.pth
2026-06-14 05:31:01,999	vi_speaker_456	INFO	Train Epoch: 34 [13%]
2026-06-14 05:31:02,003	vi_speaker_456	INFO	[2.304898500442505, 2.6236963272094727, 15.639022827148438, 17.922800064086914, 1.728575348854065, 1.6260217428207397, 60200, 0.0003]
2026-06-14 05:37:09,022	vi_speaker_456	INFO	Train Epoch: 34 [24%]
2026-06-14 05:37:09,034	vi_speaker_456	INFO	[2.0779199600219727, 2.7447071075439453, 14.78453540802002, 17.339231491088867, 1.6369946002960205, 1.5154356956481934, 60400, 0.0003]
2026-06-14 05:43:04,233	vi_speaker_456	INFO	Train Epoch: 34 [35%]
2026-06-14 05:43:04,234	vi_speaker_456	INFO	[2.371288776397705, 2.4324309825897217, 13.696269989013672, 16.357250213623047, 1.654507040977478, 1.3051890134811401, 60600, 0.0003]
2026-06-14 05:49:04,412	vi_speaker_456	INFO	Train Epoch: 34 [46%]
2026-06-14 05:49:04,417	vi_speaker_456	INFO	[2.0906245708465576, 2.8066020011901855, 17.59442710876465, 19.241485595703125, 1.6120468378067017, 1.578715443611145, 60800, 0.0003]
2026-06-14 05:54:51,568	vi_speaker_456	INFO	Train Epoch: 34 [57%]
2026-06-14 05:54:51,570	vi_speaker_456	INFO	[2.110039710998535, 3.072659730911255, 15.434789657592773, 18.24353790283203, 1.6549373865127563, 1.575446605682373, 61000, 0.0003]
2026-06-14 06:00:33,334	vi_speaker_456	INFO	Train Epoch: 34 [68%]
2026-06-14 06:00:33,340	vi_speaker_456	INFO	[2.355992078781128, 2.2687742710113525, 11.062600135803223, 14.926107406616211, 1.6399216651916504, 1.2171746492385864, 61200, 0.0003]
2026-06-14 06:06:14,559	vi_speaker_456	INFO	Train Epoch: 34 [79%]
2026-06-14 06:06:14,563	vi_speaker_456	INFO	[2.2890710830688477, 2.799612283706665, 15.109128952026367, 17.354217529296875, 1.6139469146728516, 1.3312510251998901, 61400, 0.0003]
2026-06-14 06:11:54,156	vi_speaker_456	INFO	Train Epoch: 34 [90%]
2026-06-14 06:11:54,159	vi_speaker_456	INFO	[2.1443164348602295, 2.8711161613464355, 17.355337142944336, 18.0892276763916, 1.6165003776550293, 1.1468085050582886, 61600, 0.0003]
2026-06-14 06:16:51,229	vi_speaker_456	INFO	====> Epoch: 34
2026-06-14 06:17:37,086	vi_speaker_456	INFO	Train Epoch: 35 [1%]
2026-06-14 06:17:37,089	vi_speaker_456	INFO	[2.3795852661132812, 2.6540584564208984, 13.572510719299316, 17.215160369873047, 1.6678400039672852, 1.1555168628692627, 61800, 0.0002999625]
2026-06-14 06:23:12,164	vi_speaker_456	INFO	Train Epoch: 35 [12%]
2026-06-14 06:23:12,168	vi_speaker_456	INFO	[2.348867416381836, 2.6380863189697266, 15.349416732788086, 18.264896392822266, 1.6420836448669434, 1.3369399309158325, 62000, 0.0002999625]
2026-06-14 06:30:21,127	vi_speaker_456	INFO	Saving model and optimizer state at iteration 35 to ./logs/vi_speaker_456/G_62000.pth
2026-06-14 06:31:40,495	vi_speaker_456	INFO	Saving model and optimizer state at iteration 35 to ./logs/vi_speaker_456/D_62000.pth
2026-06-14 06:32:51,145	vi_speaker_456	INFO	Saving model and optimizer state at iteration 35 to ./logs/vi_speaker_456/DUR_62000.pth
2026-06-14 06:38:33,542	vi_speaker_456	INFO	Train Epoch: 35 [23%]
2026-06-14 06:38:33,546	vi_speaker_456	INFO	[2.2904155254364014, 3.0318541526794434, 15.827594757080078, 17.52060317993164, 1.6346324682235718, 1.2360938787460327, 62200, 0.0002999625]
2026-06-14 06:44:21,508	vi_speaker_456	INFO	Train Epoch: 35 [34%]
2026-06-14 06:44:21,510	vi_speaker_456	INFO	[2.1482348442077637, 2.701413869857788, 14.074941635131836, 16.040996551513672, 1.6147887706756592, 1.182865858078003, 62400, 0.0002999625]
2026-06-14 06:50:02,080	vi_speaker_456	INFO	Train Epoch: 35 [45%]
2026-06-14 06:50:02,084	vi_speaker_456	INFO	[2.1552658081054688, 2.644304037094116, 14.881994247436523, 17.251571655273438, 1.6531654596328735, 1.1040151119232178, 62600, 0.0002999625]
2026-06-14 06:55:56,025	vi_speaker_456	INFO	Train Epoch: 35 [56%]
2026-06-14 06:55:56,029	vi_speaker_456	INFO	[2.166912078857422, 2.7042157649993896, 14.701898574829102, 16.868059158325195, 1.6331887245178223, 1.3731878995895386, 62800, 0.0002999625]
2026-06-14 07:01:31,834	vi_speaker_456	INFO	Train Epoch: 35 [67%]
2026-06-14 07:01:31,835	vi_speaker_456	INFO	[2.6018624305725098, 2.671140193939209, 13.519410133361816, 17.5797176361084, 1.648569107055664, 1.278218388557434, 63000, 0.0002999625]
2026-06-14 07:07:15,547	vi_speaker_456	INFO	Train Epoch: 35 [78%]
2026-06-14 07:07:18,962	vi_speaker_456	INFO	[2.2473678588867188, 2.7600178718566895, 16.34455108642578, 18.725475311279297, 1.6428921222686768, 1.15378737449646, 63200, 0.0002999625]
2026-06-14 07:13:12,054	vi_speaker_456	INFO	Train Epoch: 35 [89%]
2026-06-14 07:13:12,056	vi_speaker_456	INFO	[1.9362587928771973, 3.327444553375244, 18.807315826416016, 20.11041831970215, 1.6496968269348145, 1.485907793045044, 63400, 0.0002999625]
2026-06-14 07:18:54,079	vi_speaker_456	INFO	====> Epoch: 35
2026-06-14 07:19:10,408	vi_speaker_456	INFO	Train Epoch: 36 [0%]
2026-06-14 07:19:12,592	vi_speaker_456	INFO	[2.5296897888183594, 2.449057102203369, 15.159525871276855, 17.2006893157959, 1.5778542757034302, 1.1900588274002075, 63600, 0.0002999250046875]
2026-06-14 07:25:11,386	vi_speaker_456	INFO	Train Epoch: 36 [11%]
2026-06-14 07:25:11,389	vi_speaker_456	INFO	[2.1974129676818848, 3.0794758796691895, 15.485823631286621, 18.890926361083984, 1.5878276824951172, 1.4900336265563965, 63800, 0.0002999250046875]
2026-06-14 07:31:01,206	vi_speaker_456	INFO	Train Epoch: 36 [22%]
2026-06-14 07:31:01,212	vi_speaker_456	INFO	[2.271890163421631, 2.887791633605957, 15.591568946838379, 18.616090774536133, 1.6214476823806763, 1.272589087486267, 64000, 0.0002999250046875]
2026-06-14 07:37:56,521	vi_speaker_456	INFO	Saving model and optimizer state at iteration 36 to ./logs/vi_speaker_456/G_64000.pth
2026-06-14 07:39:04,295	vi_speaker_456	INFO	Saving model and optimizer state at iteration 36 to ./logs/vi_speaker_456/D_64000.pth
2026-06-14 07:40:13,953	vi_speaker_456	INFO	Saving model and optimizer state at iteration 36 to ./logs/vi_speaker_456/DUR_64000.pth
2026-06-14 07:40:14,011	vi_speaker_456	INFO	.. Free up space by deleting ckpt ./logs/vi_speaker_456/D_60000.pth
2026-06-14 07:46:12,071	vi_speaker_456	INFO	Train Epoch: 36 [33%]
2026-06-14 07:46:12,927	vi_speaker_456	INFO	[2.2672901153564453, 2.762862205505371, 13.80588150024414, 16.067529678344727, 1.5903618335723877, 1.3814815282821655, 64200, 0.0002999250046875]
2026-06-14 07:52:07,135	vi_speaker_456	INFO	Train Epoch: 36 [44%]
2026-06-14 07:52:07,140	vi_speaker_456	INFO	[2.035524368286133, 3.0127222537994385, 15.658089637756348, 17.521217346191406, 1.6840767860412598, 1.4148406982421875, 64400, 0.0002999250046875]
2026-06-14 07:57:51,963	vi_speaker_456	INFO	Train Epoch: 36 [55%]
2026-06-14 07:57:52,329	vi_speaker_456	INFO	[2.2803735733032227, 2.6492722034454346, 12.793919563293457, 14.725504875183105, 1.60188889503479, 1.2947242259979248, 64600, 0.0002999250046875]
2026-06-14 08:03:36,720	vi_speaker_456	INFO	Train Epoch: 36 [66%]
2026-06-14 08:03:36,793	vi_speaker_456	INFO	[2.390573740005493, 2.6742238998413086, 12.85202407836914, 17.242382049560547, 1.6518417596817017, 1.3475617170333862, 64800, 0.0002999250046875]
2026-06-14 08:09:30,627	vi_speaker_456	INFO	Train Epoch: 36 [77%]
2026-06-14 08:09:32,253	vi_speaker_456	INFO	[2.263925075531006, 2.6543729305267334, 15.190316200256348, 16.98088836669922, 1.6764857769012451, 1.2910188436508179, 65000, 0.0002999250046875]
2026-06-14 08:15:18,569	vi_speaker_456	INFO	Train Epoch: 36 [88%]
2026-06-14 08:15:18,573	vi_speaker_456	INFO	[2.143902063369751, 2.963724136352539, 17.340713500976562, 18.854642868041992, 1.6483747959136963, 1.3346623182296753, 65200, 0.0002999250046875]
2026-06-14 08:21:06,647	vi_speaker_456	INFO	Train Epoch: 36 [99%]
2026-06-14 08:21:06,651	vi_speaker_456	INFO	[2.085080146789551, 2.984619617462158, 16.818195343017578, 18.900985717773438, 1.5902135372161865, 1.17875337600708, 65400, 0.0002999250046875]
2026-06-14 08:21:27,198	vi_speaker_456	INFO	====> Epoch: 36
2026-06-14 08:27:04,754	vi_speaker_456	INFO	Train Epoch: 37 [10%]
2026-06-14 08:27:04,950	vi_speaker_456	INFO	[2.4512686729431152, 3.0315065383911133, 13.611672401428223, 17.377769470214844, 1.7036736011505127, 1.2870759963989258, 65600, 0.00029988751406191406]
2026-06-14 08:32:47,848	vi_speaker_456	INFO	Train Epoch: 37 [21%]
2026-06-14 08:32:48,100	vi_speaker_456	INFO	[2.0068414211273193, 3.1009578704833984, 17.49582862854004, 18.886457443237305, 1.6395843029022217, 1.2970772981643677, 65800, 0.00029988751406191406]
2026-06-14 08:38:33,690	vi_speaker_456	INFO	Train Epoch: 37 [32%]
2026-06-14 08:38:33,696	vi_speaker_456	INFO	[2.0499391555786133, 2.9494690895080566, 16.61416244506836, 19.26055335998535, 1.6127941608428955, 1.093630313873291, 66000, 0.00029988751406191406]
2026-06-14 08:44:59,202	vi_speaker_456	INFO	Saving model and optimizer state at iteration 37 to ./logs/vi_speaker_456/G_66000.pth
2026-06-14 08:46:13,179	vi_speaker_456	INFO	Saving model and optimizer state at iteration 37 to ./logs/vi_speaker_456/D_66000.pth
2026-06-14 08:47:37,129	vi_speaker_456	INFO	Saving model and optimizer state at iteration 37 to ./logs/vi_speaker_456/DUR_66000.pth
2026-06-14 08:47:37,155	vi_speaker_456	INFO	.. Free up space by deleting ckpt ./logs/vi_speaker_456/DUR_60000.pth
2026-06-14 08:47:37,156	vi_speaker_456	INFO	.. Free up space by deleting ckpt ./logs/vi_speaker_456/D_62000.pth
2026-06-14 08:53:27,166	vi_speaker_456	INFO	Train Epoch: 37 [43%]
2026-06-14 08:53:27,167	vi_speaker_456	INFO	[2.2630038261413574, 2.8216710090637207, 15.657504081726074, 18.51131820678711, 1.6029194593429565, 1.5096192359924316, 66200, 0.00029988751406191406]
2026-06-14 08:59:14,981	vi_speaker_456	INFO	Train Epoch: 37 [54%]
2026-06-14 08:59:15,207	vi_speaker_456	INFO	[2.010483741760254, 2.8085854053497314, 16.398744583129883, 18.997047424316406, 1.5696370601654053, 1.503273367881775, 66400, 0.00029988751406191406]
2026-06-14 09:05:02,507	vi_speaker_456	INFO	Train Epoch: 37 [65%]
2026-06-14 09:05:02,509	vi_speaker_456	INFO	[2.0293874740600586, 3.0345163345336914, 16.897680282592773, 18.61014747619629, 1.6554251909255981, 1.3424468040466309, 66600, 0.00029988751406191406]
2026-06-14 09:10:58,721	vi_speaker_456	INFO	Train Epoch: 37 [76%]
2026-06-14 09:10:58,724	vi_speaker_456	INFO	[2.2671802043914795, 2.704932689666748, 14.711310386657715, 17.36685562133789, 1.6400389671325684, 1.4707179069519043, 66800, 0.00029988751406191406]
2026-06-14 09:16:50,508	vi_speaker_456	INFO	Train Epoch: 37 [87%]
2026-06-14 09:16:50,510	vi_speaker_456	INFO	[2.440992593765259, 2.8375165462493896, 13.12712574005127, 15.879030227661133, 1.6015617847442627, 1.1192790269851685, 67000, 0.00029988751406191406]
2026-06-14 09:22:40,878	vi_speaker_456	INFO	Train Epoch: 37 [98%]
2026-06-14 09:22:42,610	vi_speaker_456	INFO	[2.1100070476531982, 2.9692344665527344, 17.153573989868164, 18.965328216552734, 1.6394317150115967, 1.3592700958251953, 67200, 0.00029988751406191406]
2026-06-14 09:23:31,534	vi_speaker_456	INFO	====> Epoch: 37
2026-06-14 09:28:49,005	vi_speaker_456	INFO	Train Epoch: 38 [9%]
2026-06-14 09:28:49,009	vi_speaker_456	INFO	[2.177225351333618, 2.7495765686035156, 17.243797302246094, 18.947826385498047, 1.689087152481079, 1.3361083269119263, 67400, 0.00029985002812265633]
2026-06-14 09:34:30,146	vi_speaker_456	INFO	Train Epoch: 38 [20%]
2026-06-14 09:34:31,588	vi_speaker_456	INFO	[2.152092456817627, 2.934035301208496, 13.526300430297852, 16.50368309020996, 1.6482099294662476, 1.190009355545044, 67600, 0.00029985002812265633]
2026-06-14 09:40:17,304	vi_speaker_456	INFO	Train Epoch: 38 [31%]
2026-06-14 09:40:18,632	vi_speaker_456	INFO	[2.3009848594665527, 2.839850425720215, 14.22070598602295, 17.713638305664062, 1.6590344905853271, 1.604495644569397, 67800, 0.00029985002812265633]
2026-06-14 09:46:04,053	vi_speaker_456	INFO	Train Epoch: 38 [42%]
2026-06-14 09:46:04,057	vi_speaker_456	INFO	[2.180318593978882, 2.6798763275146484, 15.152981758117676, 17.84054946899414, 1.682734727859497, 1.5634642839431763, 68000, 0.00029985002812265633]
2026-06-14 09:53:55,678	vi_speaker_456	INFO	Saving model and optimizer state at iteration 38 to ./logs/vi_speaker_456/G_68000.pth
2026-06-14 09:55:00,273	vi_speaker_456	INFO	Saving model and optimizer state at iteration 38 to ./logs/vi_speaker_456/D_68000.pth
2026-06-14 09:56:13,710	vi_speaker_456	INFO	Saving model and optimizer state at iteration 38 to ./logs/vi_speaker_456/DUR_68000.pth
2026-06-14 09:56:13,959	vi_speaker_456	INFO	.. Free up space by deleting ckpt ./logs/vi_speaker_456/DUR_62000.pth
2026-06-14 09:56:16,362	vi_speaker_456	INFO	.. Free up space by deleting ckpt ./logs/vi_speaker_456/D_64000.pth
2026-06-14 10:02:05,308	vi_speaker_456	INFO	Train Epoch: 38 [53%]
2026-06-14 10:02:05,386	vi_speaker_456	INFO	[2.186396360397339, 2.9067211151123047, 14.879969596862793, 16.66583251953125, 1.570399284362793, 1.2137480974197388, 68200, 0.00029985002812265633]
2026-06-14 10:07:51,224	vi_speaker_456	INFO	Train Epoch: 38 [64%]
2026-06-14 10:07:51,226	vi_speaker_456	INFO	[2.1656486988067627, 2.9976906776428223, 14.226164817810059, 17.876922607421875, 1.6507139205932617, 1.507889747619629, 68400, 0.00029985002812265633]
2026-06-14 10:13:40,005	vi_speaker_456	INFO	Train Epoch: 38 [75%]
2026-06-14 10:13:40,008	vi_speaker_456	INFO	[2.3935165405273438, 2.6370863914489746, 12.58454704284668, 15.938121795654297, 1.635172963142395, 1.4927910566329956, 68600, 0.00029985002812265633]
2026-06-14 11:57:56,279	vi_speaker_456	INFO	{'train': {'log_interval': 200, 'eval_interval': 2000, 'seed': 52, 'epochs': 10000, 'learning_rate': 0.0003, 'betas': [0.8, 0.99], 'eps': 1e-09, 'batch_size': 8, 'fp16_run': False, 'lr_decay': 0.999875, 'segment_size': 16384, 'init_lr_ratio': 1, 'warmup_epochs': 0, 'c_mel': 45, 'c_kl': 1.0, 'skip_optimizer': True, 'device': 'cuda:0'}, 'data': {'training_files': '/content/vits2-melo/melo/data/vi_speaker_44100_456/train.list', 'validation_files': '/content/vits2-melo/melo/data/vi_speaker_44100_456/val.list', 'max_wav_value': 32768.0, 'sampling_rate': 44100, 'filter_length': 2048, 'hop_length': 512, 'win_length': 2048, 'n_mel_channels': 128, 'mel_fmin': 0.0, 'mel_fmax': None, 'add_blank': True, 'n_speakers': 256, 'cleaned_text': True, 'spk2id': {'VI-default': 0}}, 'model': {'use_spk_conditioned_encoder': True, 'use_noise_scaled_mas': True, 'use_mel_posterior_encoder': False, 'use_duration_discriminator': True, 'inter_channels': 192, 'hidden_channels': 192, 'filter_channels': 768, 'n_heads': 2, 'n_layers': 6, 'n_layers_trans_flow': 3, 'kernel_size': 3, 'p_dropout': 0.1, 'resblock': '1', 'resblock_kernel_sizes': [3, 7, 11], 'resblock_dilation_sizes': [[1, 3, 5], [1, 3, 5], [1, 3, 5]], 'upsample_rates': [8, 8, 2, 2, 2], 'upsample_initial_channel': 512, 'upsample_kernel_sizes': [16, 16, 8, 2, 2], 'n_layers_q': 3, 'use_spectral_norm': False, 'gin_channels': 256}, 'device': 'cuda:0', 'num_languages': 10, 'num_tones': 24, 'symbols': ['_', '"', '(', ')', '*', '/', ':', 'AA', 'E', 'EE', 'En', 'N', 'OO', 'Q', 'V', '[', '\\', ']', '^', 'a', 'a:', 'aa', 'ae', 'ah', 'ai', 'an', 'ang', 'ao', 'aw', 'ay', 'b', 'by', 'c', 'ch', 'd', 'dh', 'dy', 'e', 'e:', 'eh', 'ei', 'en', 'eng', 'er', 'ey', 'f', 'g', 'gy', 'h', 'hh', 'hy', 'i', 'i0', 'i:', 'ia', 'ian', 'iang', 'iao', 'ie', 'ih', 'in', 'ing', 'iong', 'ir', 'iu', 'iy', 'j', 'jh', 'k', 'ky', 'l', 'm', 'my', 'n', 'ng', 'ny', 'o', 'o:', 'ong', 'ou', 'ow', 'oy', 'p', 'py', 'q', 'r', 'ry', 's', 'sh', 't', 'th', 'ts', 'ty', 'u', 'u:', 'ua', 'uai', 'uan', 'uang', 'uh', 'ui', 'un', 'uo', 'uw', 'v', 'van', 've', 'vn', 'w', 'x', 'y', 'z', 'zh', 'zy', '~', '¡', '¿', 'æ', 'ç', 'ð', 'ø', 'ŋ', 'œ', 'ɐ', 'ɑ', 'ɒ', 'ɔ', 'ɕ', 'ə', 'ɛ', 'ɜ', 'ɡ', 'ɣ', 'ɥ', 'ɦ', 'ɪ', 'ɫ', 'ɬ', 'ɭ', 'ɯ', 'ɲ', 'ɵ', 'ɸ', 'ɹ', 'ɾ', 'ʁ', 'ʃ', 'ʊ', 'ʌ', 'ʎ', 'ʏ', 'ʑ', 'ʒ', 'ʝ', 'ʲ', 'ˈ', 'ˌ', 'ː', '̃', '̩', 'β', 'θ', 'ᄀ', 'k͡p', 'ˈa', 'ɤ', 'ˈɛ', 'ˈi', 'ă', 'ˈe', 'ʔ', 'ŋ͡m', 'tʰ', 'ɤ̆', 'ᄌ', 'ᄍ', 'ᄎ', 'ᄏ', 'ᄐ', 'ᄑ', 'ᄒ', 'ᅡ', 'ᅢ', 'ᅣ', 'ᅤ', 'ᅥ', 'ᅦ', 'ᅧ', 'ᅨ', 'ᅩ', 'ᅪ', 'ᅫ', 'ᅬ', 'ᅭ', 'ᅮ', 'ᅯ', 'ᅰ', 'ᅱ', 'ᅲ', 'ᅳ', 'ᅴ', 'ᅵ', 'ᆨ', 'ᆫ', 'ᆮ', 'ᆯ', 'ᆷ', 'ᆸ', 'ᆼ', 'ㄸ', '!', '?', '…', ',', '.', "'", '-', 'SP', 'UNK'], 'model_dir': './logs/vi_speaker_456', 'pretrain_G': None, 'pretrain_D': None, 'pretrain_dur': None, 'port': 10000}
2026-06-14 11:57:56,280	vi_speaker_456	WARNING	/content/vits2-melo/melo is not a git repository, therefore hash value comparison will be ignored.
2026-06-14 11:58:00,743	vi_speaker_456	INFO	Loaded checkpoint './logs/vi_speaker_456/DUR_68000.pth' (iteration 38)
2026-06-14 11:58:02,228	vi_speaker_456	INFO	Loaded checkpoint './logs/vi_speaker_456/G_68000.pth' (iteration 38)
2026-06-14 11:58:04,761	vi_speaker_456	INFO	Loaded checkpoint './logs/vi_speaker_456/D_68000.pth' (iteration 38)
2026-06-14 12:05:12,082	vi_speaker_456	INFO	Train Epoch: 38 [9%]
2026-06-14 12:05:12,086	vi_speaker_456	INFO	[2.487863302230835, 2.214783191680908, 10.40206241607666, 14.55350112915039, 1.6669871807098389, 1.436413288116455, 67400, 0.0003]
2026-06-14 12:11:42,938	vi_speaker_456	INFO	Train Epoch: 38 [20%]
2026-06-14 12:11:42,947	vi_speaker_456	INFO	[2.0716214179992676, 2.77742075920105, 15.138031005859375, 17.128883361816406, 1.65102219581604, 1.4251267910003662, 67600, 0.0003]
2026-06-14 12:18:08,259	vi_speaker_456	INFO	Train Epoch: 38 [31%]
2026-06-14 12:18:08,266	vi_speaker_456	INFO	[2.4637444019317627, 2.589515447616577, 13.802083015441895, 16.803245544433594, 1.7240610122680664, 1.4883496761322021, 67800, 0.0003]
2026-06-14 12:24:32,187	vi_speaker_456	INFO	Train Epoch: 38 [42%]
2026-06-14 12:24:32,191	vi_speaker_456	INFO	[2.153083324432373, 2.781820297241211, 16.563989639282227, 19.09148406982422, 1.6691735982894897, 1.537997841835022, 68000, 0.0003]
2026-06-14 12:34:20,093	vi_speaker_456	INFO	Saving model and optimizer state at iteration 38 to ./logs/vi_speaker_456/G_68000.pth
2026-06-14 12:34:49,093	vi_speaker_456	INFO	Saving model and optimizer state at iteration 38 to ./logs/vi_speaker_456/D_68000.pth
2026-06-14 12:35:23,812	vi_speaker_456	INFO	Saving model and optimizer state at iteration 38 to ./logs/vi_speaker_456/DUR_68000.pth
2026-06-14 12:41:47,323	vi_speaker_456	INFO	Train Epoch: 38 [53%]
2026-06-14 12:41:47,327	vi_speaker_456	INFO	[2.130847930908203, 2.7802538871765137, 13.306303024291992, 15.620095252990723, 1.6201094388961792, 1.2445098161697388, 68200, 0.0003]
2026-06-14 12:48:08,508	vi_speaker_456	INFO	Train Epoch: 38 [64%]
2026-06-14 12:48:08,513	vi_speaker_456	INFO	[2.076169490814209, 2.95455002784729, 15.898616790771484, 18.45614242553711, 1.6661360263824463, 1.2358899116516113, 68400, 0.0003]
2026-06-14 12:54:29,801	vi_speaker_456	INFO	Train Epoch: 38 [75%]
2026-06-14 12:54:29,809	vi_speaker_456	INFO	[2.3075051307678223, 2.867412567138672, 15.505346298217773, 19.54994010925293, 1.6564111709594727, 1.5536023378372192, 68600, 0.0003]
2026-06-14 13:00:42,651	vi_speaker_456	INFO	Train Epoch: 38 [86%]
2026-06-14 13:00:42,653	vi_speaker_456	INFO	[2.5093698501586914, 2.359058380126953, 12.474989891052246, 15.241146087646484, 1.636054277420044, 1.2475990056991577, 68800, 0.0003]
2026-06-14 13:06:58,707	vi_speaker_456	INFO	Train Epoch: 38 [97%]
2026-06-14 13:06:58,712	vi_speaker_456	INFO	[2.3403432369232178, 2.4775848388671875, 12.661842346191406, 16.235198974609375, 1.5872055292129517, 1.131081223487854, 69000, 0.0003]
2026-06-14 13:08:21,825	vi_speaker_456	INFO	====> Epoch: 38
2026-06-14 13:13:18,323	vi_speaker_456	INFO	Train Epoch: 39 [8%]
2026-06-14 13:13:18,326	vi_speaker_456	INFO	[2.159151077270508, 2.7974839210510254, 16.78678321838379, 19.49501609802246, 1.6010777950286865, 1.2271521091461182, 69200, 0.0002999625]
2026-06-14 13:19:37,907	vi_speaker_456	INFO	Train Epoch: 39 [19%]
2026-06-14 13:19:37,909	vi_speaker_456	INFO	[2.235342264175415, 2.9379079341888428, 16.169750213623047, 19.69731330871582, 1.693678617477417, 1.6075928211212158, 69400, 0.0002999625]
2026-06-14 13:25:52,734	vi_speaker_456	INFO	Train Epoch: 39 [30%]
2026-06-14 13:25:52,742	vi_speaker_456	INFO	[2.2591190338134766, 3.006707191467285, 14.761756896972656, 16.86469268798828, 1.6736173629760742, 1.352137804031372, 69600, 0.0002999625]
2026-06-14 13:32:11,267	vi_speaker_456	INFO	Train Epoch: 39 [41%]
2026-06-14 13:32:11,277	vi_speaker_456	INFO	[2.2310948371887207, 2.5910468101501465, 16.01466941833496, 17.53521156311035, 1.6438226699829102, 1.1931761503219604, 69800, 0.0002999625]
2026-06-14 13:38:34,413	vi_speaker_456	INFO	Train Epoch: 39 [53%]
2026-06-14 13:38:34,421	vi_speaker_456	INFO	[2.09525203704834, 3.004389762878418, 15.972806930541992, 19.565916061401367, 1.5985668897628784, 1.647783875465393, 70000, 0.0002999625]
2026-06-14 13:46:24,421	vi_speaker_456	INFO	Saving model and optimizer state at iteration 39 to ./logs/vi_speaker_456/G_70000.pth
2026-06-14 13:47:14,518	vi_speaker_456	INFO	Saving model and optimizer state at iteration 39 to ./logs/vi_speaker_456/D_70000.pth
2026-06-14 13:48:01,892	vi_speaker_456	INFO	Saving model and optimizer state at iteration 39 to ./logs/vi_speaker_456/DUR_70000.pth
2026-06-14 13:54:30,434	vi_speaker_456	INFO	Train Epoch: 39 [64%]
2026-06-14 13:54:30,440	vi_speaker_456	INFO	[2.327523708343506, 2.6075096130371094, 15.52736759185791, 18.48017692565918, 1.59351646900177, 1.3329699039459229, 70200, 0.0002999625]
2026-06-14 14:00:59,919	vi_speaker_456	INFO	Train Epoch: 39 [75%]
2026-06-14 14:00:59,923	vi_speaker_456	INFO	[2.1765265464782715, 2.6405093669891357, 15.814513206481934, 17.968143463134766, 1.631616234779358, 1.3038344383239746, 70400, 0.0002999625]
2026-06-14 14:07:32,370	vi_speaker_456	INFO	Train Epoch: 39 [86%]
2026-06-14 14:07:32,378	vi_speaker_456	INFO	[2.2346692085266113, 2.46529221534729, 9.764019966125488, 12.876038551330566, 1.6657748222351074, 1.1487303972244263, 70600, 0.0002999625]
2026-06-14 14:13:52,976	vi_speaker_456	INFO	Train Epoch: 39 [97%]
2026-06-14 14:13:52,983	vi_speaker_456	INFO	[2.1315829753875732, 2.6891093254089355, 13.120478630065918, 15.953057289123535, 1.613145112991333, 1.4153671264648438, 70800, 0.0002999625]
2026-06-14 14:15:49,271	vi_speaker_456	INFO	====> Epoch: 39
2026-06-14 14:20:21,164	vi_speaker_456	INFO	Train Epoch: 40 [8%]
2026-06-14 14:20:21,172	vi_speaker_456	INFO	[2.18817138671875, 2.583031415939331, 13.81694507598877, 16.672197341918945, 1.6256170272827148, 1.3863924741744995, 71000, 0.0002999250046875]
2026-06-14 14:26:48,497	vi_speaker_456	INFO	Train Epoch: 40 [19%]
2026-06-14 14:26:48,504	vi_speaker_456	INFO	[2.2294411659240723, 2.8359177112579346, 14.142573356628418, 17.863574981689453, 1.6579504013061523, 1.13115394115448, 71200, 0.0002999250046875]
2026-06-14 14:33:13,804	vi_speaker_456	INFO	Train Epoch: 40 [30%]
2026-06-14 14:33:13,812	vi_speaker_456	INFO	[1.9135007858276367, 3.178150177001953, 15.645782470703125, 19.76690673828125, 1.7183129787445068, 1.320486068725586, 71400, 0.0002999250046875]
2026-06-14 14:39:45,349	vi_speaker_456	INFO	Train Epoch: 40 [41%]
2026-06-14 14:39:45,352	vi_speaker_456	INFO	[2.1747822761535645, 2.653320074081421, 15.133800506591797, 17.324411392211914, 1.6469013690948486, 1.1002284288406372, 71600, 0.0002999250046875]
2026-06-14 14:46:28,879	vi_speaker_456	INFO	Train Epoch: 40 [52%]
2026-06-14 14:46:28,891	vi_speaker_456	INFO	[2.0606510639190674, 3.0895493030548096, 15.231315612792969, 18.310256958007812, 1.6927862167358398, 1.4660534858703613, 71800, 0.0002999250046875]
2026-06-14 14:53:15,348	vi_speaker_456	INFO	Train Epoch: 40 [63%]
2026-06-14 14:53:15,351	vi_speaker_456	INFO	[2.153677463531494, 2.910067558288574, 16.410625457763672, 19.534313201904297, 1.652970790863037, 1.1939620971679688, 72000, 0.0002999250046875]
2026-06-14 15:00:33,067	vi_speaker_456	INFO	Saving model and optimizer state at iteration 40 to ./logs/vi_speaker_456/G_72000.pth
2026-06-14 15:01:15,758	vi_speaker_456	INFO	Saving model and optimizer state at iteration 40 to ./logs/vi_speaker_456/D_72000.pth
2026-06-14 15:02:04,798	vi_speaker_456	INFO	Saving model and optimizer state at iteration 40 to ./logs/vi_speaker_456/DUR_72000.pth
2026-06-14 15:02:04,834	vi_speaker_456	INFO	.. Free up space by deleting ckpt ./logs/vi_speaker_456/D_68000.pth
2026-06-14 15:08:53,633	vi_speaker_456	INFO	Train Epoch: 40 [74%]
2026-06-14 15:08:53,635	vi_speaker_456	INFO	[2.0151946544647217, 2.9749913215637207, 16.31709861755371, 19.374488830566406, 1.7068923711776733, 1.2492843866348267, 72200, 0.0002999250046875]
2026-06-14 15:15:48,906	vi_speaker_456	INFO	Train Epoch: 40 [85%]
2026-06-14 15:15:48,908	vi_speaker_456	INFO	[1.914605736732483, 2.970602035522461, 17.34086036682129, 18.326797485351562, 1.6666064262390137, 1.2433037757873535, 72400, 0.0002999250046875]
2026-06-14 15:22:35,649	vi_speaker_456	INFO	Train Epoch: 40 [96%]
2026-06-14 15:22:35,658	vi_speaker_456	INFO	[2.3430798053741455, 2.5551230907440186, 11.397085189819336, 12.57290267944336, 1.710561752319336, 1.395051121711731, 72600, 0.0002999250046875]
2026-06-14 15:25:10,209	vi_speaker_456	INFO	====> Epoch: 40
2026-06-14 15:29:20,110	vi_speaker_456	INFO	Train Epoch: 41 [7%]
2026-06-14 15:29:20,116	vi_speaker_456	INFO	[2.164576292037964, 2.698305368423462, 15.007747650146484, 17.44292640686035, 1.6058156490325928, 1.329736351966858, 72800, 0.00029988751406191406]
2026-06-14 15:35:59,367	vi_speaker_456	INFO	Train Epoch: 41 [18%]
2026-06-14 15:35:59,373	vi_speaker_456	INFO	[2.2267632484436035, 2.9848146438598633, 13.672670364379883, 17.180219650268555, 1.631809949874878, 1.4226393699645996, 73000, 0.00029988751406191406]
2026-06-14 15:42:40,053	vi_speaker_456	INFO	Train Epoch: 41 [29%]
2026-06-14 15:42:40,060	vi_speaker_456	INFO	[2.262650489807129, 2.601771116256714, 14.180920600891113, 17.811861038208008, 1.64273202419281, 1.4693918228149414, 73200, 0.00029988751406191406]
2026-06-14 15:49:35,283	vi_speaker_456	INFO	Train Epoch: 41 [40%]
2026-06-14 15:49:35,290	vi_speaker_456	INFO	[2.014936685562134, 3.067556381225586, 16.801198959350586, 18.962509155273438, 1.6878931522369385, 1.4098159074783325, 73400, 0.00029988751406191406]
2026-06-14 15:56:24,545	vi_speaker_456	INFO	Train Epoch: 41 [51%]
2026-06-14 15:56:24,553	vi_speaker_456	INFO	[2.0947558879852295, 2.760021209716797, 14.614508628845215, 18.759037017822266, 1.6275312900543213, 1.2764393091201782, 73600, 0.00029988751406191406]
2026-06-14 16:02:59,046	vi_speaker_456	INFO	Train Epoch: 41 [62%]
2026-06-14 16:02:59,052	vi_speaker_456	INFO	[2.313170909881592, 2.7274246215820312, 14.450222969055176, 18.312589645385742, 1.6730767488479614, 1.4552152156829834, 73800, 0.00029988751406191406]
2026-06-14 16:09:23,467	vi_speaker_456	INFO	Train Epoch: 41 [73%]
2026-06-14 16:09:23,472	vi_speaker_456	INFO	[2.465134620666504, 2.4528348445892334, 10.756020545959473, 14.315292358398438, 1.7416554689407349, 1.3554781675338745, 74000, 0.00029988751406191406]
2026-06-14 16:16:53,266	vi_speaker_456	INFO	Saving model and optimizer state at iteration 41 to ./logs/vi_speaker_456/G_74000.pth
2026-06-14 16:17:17,585	vi_speaker_456	INFO	Saving model and optimizer state at iteration 41 to ./logs/vi_speaker_456/D_74000.pth
2026-06-14 16:18:18,855	vi_speaker_456	INFO	Saving model and optimizer state at iteration 41 to ./logs/vi_speaker_456/DUR_74000.pth
2026-06-14 16:24:54,042	vi_speaker_456	INFO	Train Epoch: 41 [84%]
2026-06-14 16:24:54,048	vi_speaker_456	INFO	[1.9952516555786133, 3.2749249935150146, 17.979454040527344, 18.986053466796875, 1.6276614665985107, 1.3284975290298462, 74200, 0.00029988751406191406]
2026-06-14 16:31:30,719	vi_speaker_456	INFO	Train Epoch: 41 [95%]
2026-06-14 16:31:30,722	vi_speaker_456	INFO	[2.0466227531433105, 2.891894817352295, 13.643345832824707, 17.017702102661133, 1.580945372581482, 1.0170847177505493, 74400, 0.00029988751406191406]
2026-06-14 16:34:39,889	vi_speaker_456	INFO	====> Epoch: 41
2026-06-14 16:38:09,315	vi_speaker_456	INFO	Train Epoch: 42 [6%]
2026-06-14 16:38:09,319	vi_speaker_456	INFO	[2.181952476501465, 2.5061707496643066, 12.189493179321289, 15.58536434173584, 1.6721134185791016, 1.0584850311279297, 74600, 0.00029985002812265633]
2026-06-14 16:44:36,946	vi_speaker_456	INFO	Train Epoch: 42 [17%]
2026-06-14 16:44:36,951	vi_speaker_456	INFO	[2.1726038455963135, 2.9790151119232178, 14.39661693572998, 18.680675506591797, 1.6772651672363281, 1.250612497329712, 74800, 0.00029985002812265633]
2026-06-14 17:46:46,493	vi_speaker_789	INFO	{'train': {'log_interval': 200, 'eval_interval': 2000, 'seed': 52, 'epochs': 10000, 'learning_rate': 0.0002, 'betas': [0.8, 0.99], 'eps': 1e-09, 'batch_size': 8, 'fp16_run': False, 'lr_decay': 0.999875, 'segment_size': 16384, 'init_lr_ratio': 1, 'warmup_epochs': 0, 'c_mel': 45, 'c_kl': 1.0, 'skip_optimizer': True, 'device': 'cuda:0'}, 'data': {'training_files': '/content/vits2-melo/melo/data/vi_speaker_44100_789/train.list', 'validation_files': '/content/vits2-melo/melo/data/vi_speaker_44100_789/val.list', 'max_wav_value': 32768.0, 'sampling_rate': 44100, 'filter_length': 2048, 'hop_length': 512, 'win_length': 2048, 'n_mel_channels': 128, 'mel_fmin': 0.0, 'mel_fmax': None, 'add_blank': True, 'n_speakers': 256, 'cleaned_text': True, 'spk2id': {'VI-default': 0}}, 'model': {'use_spk_conditioned_encoder': True, 'use_noise_scaled_mas': True, 'use_mel_posterior_encoder': False, 'use_duration_discriminator': True, 'inter_channels': 192, 'hidden_channels': 192, 'filter_channels': 768, 'n_heads': 2, 'n_layers': 6, 'n_layers_trans_flow': 3, 'kernel_size': 3, 'p_dropout': 0.1, 'resblock': '1', 'resblock_kernel_sizes': [3, 7, 11], 'resblock_dilation_sizes': [[1, 3, 5], [1, 3, 5], [1, 3, 5]], 'upsample_rates': [8, 8, 2, 2, 2], 'upsample_initial_channel': 512, 'upsample_kernel_sizes': [16, 16, 8, 2, 2], 'n_layers_q': 3, 'use_spectral_norm': False, 'gin_channels': 256}, 'device': 'cuda:0', 'num_languages': 10, 'num_tones': 24, 'symbols': ['_', '"', '(', ')', '*', '/', ':', 'AA', 'E', 'EE', 'En', 'N', 'OO', 'Q', 'V', '[', '\\', ']', '^', 'a', 'a:', 'aa', 'ae', 'ah', 'ai', 'an', 'ang', 'ao', 'aw', 'ay', 'b', 'by', 'c', 'ch', 'd', 'dh', 'dy', 'e', 'e:', 'eh', 'ei', 'en', 'eng', 'er', 'ey', 'f', 'g', 'gy', 'h', 'hh', 'hy', 'i', 'i0', 'i:', 'ia', 'ian', 'iang', 'iao', 'ie', 'ih', 'in', 'ing', 'iong', 'ir', 'iu', 'iy', 'j', 'jh', 'k', 'ky', 'l', 'm', 'my', 'n', 'ng', 'ny', 'o', 'o:', 'ong', 'ou', 'ow', 'oy', 'p', 'py', 'q', 'r', 'ry', 's', 'sh', 't', 'th', 'ts', 'ty', 'u', 'u:', 'ua', 'uai', 'uan', 'uang', 'uh', 'ui', 'un', 'uo', 'uw', 'v', 'van', 've', 'vn', 'w', 'x', 'y', 'z', 'zh', 'zy', '~', '¡', '¿', 'æ', 'ç', 'ð', 'ø', 'ŋ', 'œ', 'ɐ', 'ɑ', 'ɒ', 'ɔ', 'ɕ', 'ə', 'ɛ', 'ɜ', 'ɡ', 'ɣ', 'ɥ', 'ɦ', 'ɪ', 'ɫ', 'ɬ', 'ɭ', 'ɯ', 'ɲ', 'ɵ', 'ɸ', 'ɹ', 'ɾ', 'ʁ', 'ʃ', 'ʊ', 'ʌ', 'ʎ', 'ʏ', 'ʑ', 'ʒ', 'ʝ', 'ʲ', 'ˈ', 'ˌ', 'ː', '̃', '̩', 'β', 'θ', 'ᄀ', 'k͡p', 'ˈa', 'ɤ', 'ˈɛ', 'ˈi', 'ă', 'ˈe', 'ʔ', 'ŋ͡m', 'tʰ', 'ɤ̆', 'ᄌ', 'ᄍ', 'ᄎ', 'ᄏ', 'ᄐ', 'ᄑ', 'ᄒ', 'ᅡ', 'ᅢ', 'ᅣ', 'ᅤ', 'ᅥ', 'ᅦ', 'ᅧ', 'ᅨ', 'ᅩ', 'ᅪ', 'ᅫ', 'ᅬ', 'ᅭ', 'ᅮ', 'ᅯ', 'ᅰ', 'ᅱ', 'ᅲ', 'ᅳ', 'ᅴ', 'ᅵ', 'ᆨ', 'ᆫ', 'ᆮ', 'ᆯ', 'ᆷ', 'ᆸ', 'ᆼ', 'ㄸ', '!', '?', '…', ',', '.', "'", '-', 'SP', 'UNK'], 'model_dir': './logs/vi_speaker_789', 'pretrain_G': None, 'pretrain_D': None, 'pretrain_dur': None, 'port': 10000}
2026-06-14 17:46:46,493	vi_speaker_789	WARNING	/content/vits2-melo/melo is not a git repository, therefore hash value comparison will be ignored.
2026-06-14 17:46:51,398	vi_speaker_789	INFO	Loaded checkpoint './logs/vi_speaker_789/DUR_74000.pth' (iteration 41)
2026-06-14 17:46:54,269	vi_speaker_789	INFO	Loaded checkpoint './logs/vi_speaker_789/G_74000.pth' (iteration 41)
2026-06-14 17:46:56,432	vi_speaker_789	INFO	Loaded checkpoint './logs/vi_speaker_789/D_74000.pth' (iteration 41)
2026-06-14 17:52:48,325	vi_speaker_789	INFO	Train Epoch: 41 [9%]
2026-06-14 17:52:48,330	vi_speaker_789	INFO	[2.053307056427002, 2.822974681854248, 15.40532112121582, 18.489229202270508, 1.6392483711242676, 1.1830527782440186, 71600, 0.0002]
2026-06-14 17:58:29,745	vi_speaker_789	INFO	Train Epoch: 41 [20%]
2026-06-14 17:58:29,750	vi_speaker_789	INFO	[2.292773723602295, 2.7590274810791016, 12.477983474731445, 15.501153945922852, 1.7154637575149536, 1.1016141176223755, 71800, 0.0002]
2026-06-14 18:03:56,848	vi_speaker_789	INFO	Train Epoch: 41 [31%]
2026-06-14 18:03:56,854	vi_speaker_789	INFO	[2.1869263648986816, 2.7447147369384766, 14.39591121673584, 16.514650344848633, 1.630586862564087, 1.2298344373703003, 72000, 0.0002]
2026-06-14 18:11:43,838	vi_speaker_789	INFO	Saving model and optimizer state at iteration 41 to ./logs/vi_speaker_789/G_72000.pth
2026-06-14 18:12:32,740	vi_speaker_789	INFO	Saving model and optimizer state at iteration 41 to ./logs/vi_speaker_789/D_72000.pth
2026-06-14 18:13:49,021	vi_speaker_789	INFO	Saving model and optimizer state at iteration 41 to ./logs/vi_speaker_789/DUR_72000.pth
2026-06-14 18:19:09,848	vi_speaker_789	INFO	Train Epoch: 41 [43%]
2026-06-14 18:19:09,975	vi_speaker_789	INFO	[2.220029592514038, 2.774644136428833, 14.030158042907715, 16.280550003051758, 1.6576695442199707, 1.1708074808120728, 72200, 0.0002]
2026-06-14 18:24:29,502	vi_speaker_789	INFO	Train Epoch: 41 [54%]
2026-06-14 18:24:29,506	vi_speaker_789	INFO	[2.041696548461914, 2.8431546688079834, 17.686861038208008, 19.158153533935547, 1.654707908630371, 1.5667104721069336, 72400, 0.0002]
2026-06-14 18:29:44,454	vi_speaker_789	INFO	Train Epoch: 41 [65%]
2026-06-14 18:29:44,457	vi_speaker_789	INFO	[2.295199394226074, 2.4209282398223877, 12.956222534179688, 16.02024269104004, 1.6574814319610596, 1.4900648593902588, 72600, 0.0002]
2026-06-14 18:35:00,969	vi_speaker_789	INFO	Train Epoch: 41 [76%]
2026-06-14 18:35:00,974	vi_speaker_789	INFO	[2.3227837085723877, 2.510620594024658, 14.316597938537598, 15.996847152709961, 1.7627991437911987, 1.3945211172103882, 72800, 0.0002]
2026-06-14 18:40:13,983	vi_speaker_789	INFO	Train Epoch: 41 [87%]
2026-06-14 18:40:13,985	vi_speaker_789	INFO	[2.2196412086486816, 2.6178548336029053, 13.039305686950684, 15.938871383666992, 1.6472264528274536, 0.999552309513092, 73000, 0.0002]
2026-06-14 18:45:31,218	vi_speaker_789	INFO	Train Epoch: 41 [99%]
2026-06-14 18:45:31,224	vi_speaker_789	INFO	[2.146864891052246, 2.615344524383545, 15.940892219543457, 17.935543060302734, 1.7038402557373047, 1.525403380393982, 73200, 0.0002]
2026-06-14 18:46:09,459	vi_speaker_789	INFO	====> Epoch: 41
2026-06-14 18:50:49,628	vi_speaker_789	INFO	Train Epoch: 42 [10%]
2026-06-14 18:50:49,632	vi_speaker_789	INFO	[2.1681020259857178, 2.8373451232910156, 14.429704666137695, 16.178237915039062, 1.6485373973846436, 1.1587210893630981, 73400, 0.000199975]
2026-06-14 18:56:02,187	vi_speaker_789	INFO	Train Epoch: 42 [21%]
2026-06-14 18:56:02,192	vi_speaker_789	INFO	[2.375460624694824, 2.4697892665863037, 14.010997772216797, 15.120567321777344, 1.6645543575286865, 1.3760735988616943, 73600, 0.000199975]
2026-06-14 19:01:18,185	vi_speaker_789	INFO	Train Epoch: 42 [32%]
2026-06-14 19:01:18,189	vi_speaker_789	INFO	[2.1397769451141357, 2.7427263259887695, 14.376320838928223, 15.833761215209961, 1.6938490867614746, 1.5365585088729858, 73800, 0.000199975]
2026-06-14 19:06:26,328	vi_speaker_789	INFO	Train Epoch: 42 [43%]
2026-06-14 19:06:26,333	vi_speaker_789	INFO	[2.1380956172943115, 2.694624662399292, 15.561784744262695, 16.495670318603516, 1.6190687417984009, 1.4747600555419922, 74000, 0.000199975]
2026-06-14 19:12:22,578	vi_speaker_789	INFO	Saving model and optimizer state at iteration 42 to ./logs/vi_speaker_789/G_74000.pth
2026-06-14 19:13:37,311	vi_speaker_789	INFO	Saving model and optimizer state at iteration 42 to ./logs/vi_speaker_789/D_74000.pth
2026-06-14 19:14:57,108	vi_speaker_789	INFO	Saving model and optimizer state at iteration 42 to ./logs/vi_speaker_789/DUR_74000.pth
2026-06-14 19:20:17,693	vi_speaker_789	INFO	Train Epoch: 42 [55%]
2026-06-14 19:20:18,452	vi_speaker_789	INFO	[2.2149429321289062, 2.4522695541381836, 13.469671249389648, 16.1064395904541, 1.7397241592407227, 1.4692621231079102, 74200, 0.000199975]
2026-06-14 19:25:30,189	vi_speaker_789	INFO	Train Epoch: 42 [66%]
2026-06-14 19:25:30,195	vi_speaker_789	INFO	[1.9637649059295654, 3.09171724319458, 16.061052322387695, 18.92896270751953, 1.626956820487976, 1.4295544624328613, 74400, 0.000199975]
2026-06-14 19:30:55,487	vi_speaker_789	INFO	Train Epoch: 42 [77%]
2026-06-14 19:30:55,492	vi_speaker_789	INFO	[2.1956043243408203, 2.56014347076416, 12.934178352355957, 15.31568431854248, 1.6632475852966309, 1.3499093055725098, 74600, 0.000199975]
2026-06-14 19:36:12,508	vi_speaker_789	INFO	Train Epoch: 42 [88%]
2026-06-14 19:36:12,511	vi_speaker_789	INFO	[2.0023155212402344, 2.7725472450256348, 15.288783073425293, 17.34929847717285, 1.606337070465088, 1.447322130203247, 74800, 0.000199975]
2026-06-14 19:41:41,407	vi_speaker_789	INFO	Train Epoch: 42 [99%]
2026-06-14 19:41:41,411	vi_speaker_789	INFO	[2.0766384601593018, 3.106787919998169, 15.872269630432129, 17.463342666625977, 1.712377667427063, 1.4606667757034302, 75000, 0.000199975]
2026-06-14 19:41:59,120	vi_speaker_789	INFO	====> Epoch: 42
2026-06-14 19:47:21,546	vi_speaker_789	INFO	Train Epoch: 43 [11%]
2026-06-14 19:47:22,381	vi_speaker_789	INFO	[2.3796567916870117, 2.6535425186157227, 10.98454761505127, 14.085479736328125, 1.6345810890197754, 1.08180832862854, 75200, 0.000199950003125]
2026-06-14 19:52:44,180	vi_speaker_789	INFO	Train Epoch: 43 [22%]
2026-06-14 19:52:44,185	vi_speaker_789	INFO	[1.9292638301849365, 2.794726848602295, 14.63646411895752, 16.005460739135742, 1.658567190170288, 1.3612052202224731, 75400, 0.000199950003125]
2026-06-14 19:58:10,554	vi_speaker_789	INFO	Train Epoch: 43 [33%]
2026-06-14 19:58:11,188	vi_speaker_789	INFO	[2.1460702419281006, 2.7305960655212402, 13.75178050994873, 16.095247268676758, 1.6669182777404785, 1.8791229724884033, 75600, 0.000199950003125]
2026-06-14 20:03:42,300	vi_speaker_789	INFO	Train Epoch: 43 [44%]
2026-06-14 20:03:42,304	vi_speaker_789	INFO	[1.9269403219223022, 3.0390243530273438, 17.57721710205078, 18.298282623291016, 1.6242666244506836, 1.387526512145996, 75800, 0.000199950003125]
2026-06-14 20:09:07,776	vi_speaker_789	INFO	Train Epoch: 43 [55%]
2026-06-14 20:09:07,787	vi_speaker_789	INFO	[2.043001174926758, 2.654045581817627, 15.020096778869629, 17.014766693115234, 1.647170066833496, 1.2469515800476074, 76000, 0.000199950003125]
2026-06-14 20:14:31,267	vi_speaker_789	INFO	Saving model and optimizer state at iteration 43 to ./logs/vi_speaker_789/G_76000.pth
2026-06-14 20:15:53,753	vi_speaker_789	INFO	Saving model and optimizer state at iteration 43 to ./logs/vi_speaker_789/D_76000.pth
2026-06-14 20:17:13,505	vi_speaker_789	INFO	Saving model and optimizer state at iteration 43 to ./logs/vi_speaker_789/DUR_76000.pth
2026-06-14 20:22:31,440	vi_speaker_789	INFO	Train Epoch: 43 [67%]
2026-06-14 20:22:31,562	vi_speaker_789	INFO	[2.2915024757385254, 2.876195192337036, 14.768165588378906, 16.9100341796875, 1.6468812227249146, 1.6345582008361816, 76200, 0.000199950003125]
2026-06-14 20:27:55,448	vi_speaker_789	INFO	Train Epoch: 43 [78%]
2026-06-14 20:27:55,451	vi_speaker_789	INFO	[2.2762949466705322, 2.6751298904418945, 13.972213745117188, 16.30328369140625, 1.6752976179122925, 1.313334584236145, 76400, 0.000199950003125]
2026-06-14 20:33:21,834	vi_speaker_789	INFO	Train Epoch: 43 [89%]
2026-06-14 20:33:22,215	vi_speaker_789	INFO	[2.210254192352295, 2.5886316299438477, 15.040800094604492, 17.611164093017578, 1.6812736988067627, 1.4802855253219604, 76600, 0.000199950003125]
2026-06-14 20:38:41,031	vi_speaker_789	INFO	====> Epoch: 43
2026-06-14 20:38:46,512	vi_speaker_789	INFO	Train Epoch: 44 [0%]
2026-06-14 20:38:46,516	vi_speaker_789	INFO	[2.248344659805298, 2.739321708679199, 15.652094841003418, 19.0814151763916, 1.615668773651123, 1.2037758827209473, 76800, 0.00019992500937460937]
2026-06-14 20:44:21,835	vi_speaker_789	INFO	Train Epoch: 44 [11%]
2026-06-14 20:44:22,593	vi_speaker_789	INFO	[2.1910648345947266, 2.7312047481536865, 14.849995613098145, 17.48172950744629, 1.6155635118484497, 1.3469150066375732, 77000, 0.00019992500937460937]
2026-06-14 20:50:00,456	vi_speaker_789	INFO	Train Epoch: 44 [23%]
2026-06-14 20:50:01,994	vi_speaker_789	INFO	[2.0180277824401855, 2.693067789077759, 15.3101224899292, 17.86433982849121, 1.6560137271881104, 1.1852532625198364, 77200, 0.00019992500937460937]
2026-06-14 20:55:27,948	vi_speaker_789	INFO	Train Epoch: 44 [34%]
2026-06-14 20:55:27,952	vi_speaker_789	INFO	[2.1462063789367676, 2.6021409034729004, 14.706387519836426, 17.52582550048828, 1.7070003747940063, 1.2248002290725708, 77400, 0.00019992500937460937]
2026-06-14 21:00:52,367	vi_speaker_789	INFO	Train Epoch: 44 [45%]
2026-06-14 21:00:53,790	vi_speaker_789	INFO	[2.084702730178833, 2.671900749206543, 15.022480010986328, 17.947040557861328, 1.6129114627838135, 1.4434106349945068, 77600, 0.00019992500937460937]
2026-06-14 21:06:15,142	vi_speaker_789	INFO	Train Epoch: 44 [56%]
2026-06-14 21:06:15,146	vi_speaker_789	INFO	[2.1697821617126465, 2.600367307662964, 14.821649551391602, 17.65955352783203, 1.6966921091079712, 1.0935022830963135, 77800, 0.00019992500937460937]
2026-06-14 21:11:35,632	vi_speaker_789	INFO	Train Epoch: 44 [67%]
2026-06-14 21:11:36,296	vi_speaker_789	INFO	[2.2691988945007324, 2.7067711353302, 14.688298225402832, 17.124820709228516, 1.6761283874511719, 1.4409749507904053, 78000, 0.00019992500937460937]
2026-06-14 21:17:42,395	vi_speaker_789	INFO	Saving model and optimizer state at iteration 44 to ./logs/vi_speaker_789/G_78000.pth
2026-06-14 21:19:03,135	vi_speaker_789	INFO	Saving model and optimizer state at iteration 44 to ./logs/vi_speaker_789/D_78000.pth
2026-06-14 21:20:18,849	vi_speaker_789	INFO	Saving model and optimizer state at iteration 44 to ./logs/vi_speaker_789/DUR_78000.pth
2026-06-14 21:20:19,734	vi_speaker_789	INFO	.. Free up space by deleting ckpt ./logs/vi_speaker_789/D_74000.pth
2026-06-14 21:25:44,429	vi_speaker_789	INFO	Train Epoch: 44 [78%]
2026-06-14 21:25:45,252	vi_speaker_789	INFO	[2.394692897796631, 2.3627126216888428, 9.248456001281738, 12.91521167755127, 1.7107312679290771, 1.3837862014770508, 78200, 0.00019992500937460937]
2026-06-14 21:31:20,708	vi_speaker_789	INFO	Train Epoch: 44 [90%]
2026-06-14 21:31:20,717	vi_speaker_789	INFO	[2.289921998977661, 2.427130699157715, 13.312276840209961, 16.633764266967773, 1.6542887687683105, 1.4214766025543213, 78400, 0.00019992500937460937]
2026-06-14 21:36:24,035	vi_speaker_789	INFO	====> Epoch: 44
2026-06-14 21:36:52,701	vi_speaker_789	INFO	Train Epoch: 45 [1%]
2026-06-14 21:36:53,164	vi_speaker_789	INFO	[2.1712427139282227, 2.689112901687622, 13.102605819702148, 15.402019500732422, 1.5834161043167114, 1.2181236743927002, 78600, 0.00019990001874843754]
2026-06-14 21:42:41,390	vi_speaker_789	INFO	Train Epoch: 45 [12%]
2026-06-14 21:42:41,599	vi_speaker_789	INFO	[2.2206287384033203, 2.6864559650421143, 14.437423706054688, 17.774078369140625, 1.6669827699661255, 1.081528663635254, 78800, 0.00019990001874843754]
2026-06-14 21:48:09,207	vi_speaker_789	INFO	Train Epoch: 45 [23%]
2026-06-14 21:48:09,300	vi_speaker_789	INFO	[2.437539577484131, 2.5063319206237793, 12.337682723999023, 13.97409725189209, 1.6287040710449219, 1.1033108234405518, 79000, 0.00019990001874843754]
2026-06-14 21:53:42,128	vi_speaker_789	INFO	Train Epoch: 45 [34%]
2026-06-14 21:53:42,139	vi_speaker_789	INFO	[2.1441681385040283, 3.104250192642212, 14.238534927368164, 16.045719146728516, 1.6868172883987427, 1.1554502248764038, 79200, 0.00019990001874843754]
2026-06-14 21:59:21,523	vi_speaker_789	INFO	Train Epoch: 45 [46%]
2026-06-14 21:59:21,526	vi_speaker_789	INFO	[2.108612060546875, 2.6710588932037354, 15.453499794006348, 16.725563049316406, 1.606919765472412, 1.4929802417755127, 79400, 0.00019990001874843754]
2026-06-14 22:04:54,773	vi_speaker_789	INFO	Train Epoch: 45 [57%]
2026-06-14 22:04:57,514	vi_speaker_789	INFO	[2.1483407020568848, 2.7030484676361084, 15.206618309020996, 16.999164581298828, 1.6696281433105469, 1.3380907773971558, 79600, 0.00019990001874843754]
2026-06-14 22:11:13,691	vi_speaker_789	INFO	Train Epoch: 45 [68%]
2026-06-14 22:11:14,110	vi_speaker_789	INFO	[2.4639790058135986, 2.2509267330169678, 10.809850692749023, 12.565958976745605, 1.7274136543273926, 1.3158798217773438, 79800, 0.00019990001874843754]
2026-06-14 22:17:57,012	vi_speaker_789	INFO	Train Epoch: 45 [79%]
2026-06-14 22:17:58,039	vi_speaker_789	INFO	[2.236264705657959, 2.547755718231201, 12.395249366760254, 15.022631645202637, 1.6189525127410889, 1.0298231840133667, 80000, 0.00019990001874843754]
2026-06-14 22:23:59,323	vi_speaker_789	INFO	Saving model and optimizer state at iteration 45 to ./logs/vi_speaker_789/G_80000.pth
2026-06-14 22:25:16,594	vi_speaker_789	INFO	Saving model and optimizer state at iteration 45 to ./logs/vi_speaker_789/D_80000.pth
2026-06-14 22:26:46,191	vi_speaker_789	INFO	Saving model and optimizer state at iteration 45 to ./logs/vi_speaker_789/DUR_80000.pth
2026-06-14 22:51:55,662	vi_speaker_789	INFO	{'train': {'log_interval': 200, 'eval_interval': 2000, 'seed': 52, 'epochs': 10000, 'learning_rate': 0.0002, 'betas': [0.8, 0.99], 'eps': 1e-09, 'batch_size': 8, 'fp16_run': False, 'lr_decay': 0.999875, 'segment_size': 16384, 'init_lr_ratio': 1, 'warmup_epochs': 0, 'c_mel': 45, 'c_kl': 1.0, 'skip_optimizer': True, 'device': 'cuda:0'}, 'data': {'training_files': '/content/vits2-melo/melo/data/vi_speaker_44100_789/train.list', 'validation_files': '/content/vits2-melo/melo/data/vi_speaker_44100_789/val.list', 'max_wav_value': 32768.0, 'sampling_rate': 44100, 'filter_length': 2048, 'hop_length': 512, 'win_length': 2048, 'n_mel_channels': 128, 'mel_fmin': 0.0, 'mel_fmax': None, 'add_blank': True, 'n_speakers': 256, 'cleaned_text': True, 'spk2id': {'VI-default': 0}}, 'model': {'use_spk_conditioned_encoder': True, 'use_noise_scaled_mas': True, 'use_mel_posterior_encoder': False, 'use_duration_discriminator': True, 'inter_channels': 192, 'hidden_channels': 192, 'filter_channels': 768, 'n_heads': 2, 'n_layers': 6, 'n_layers_trans_flow': 3, 'kernel_size': 3, 'p_dropout': 0.1, 'resblock': '1', 'resblock_kernel_sizes': [3, 7, 11], 'resblock_dilation_sizes': [[1, 3, 5], [1, 3, 5], [1, 3, 5]], 'upsample_rates': [8, 8, 2, 2, 2], 'upsample_initial_channel': 512, 'upsample_kernel_sizes': [16, 16, 8, 2, 2], 'n_layers_q': 3, 'use_spectral_norm': False, 'gin_channels': 256}, 'device': 'cuda:0', 'num_languages': 10, 'num_tones': 24, 'symbols': ['_', '"', '(', ')', '*', '/', ':', 'AA', 'E', 'EE', 'En', 'N', 'OO', 'Q', 'V', '[', '\\', ']', '^', 'a', 'a:', 'aa', 'ae', 'ah', 'ai', 'an', 'ang', 'ao', 'aw', 'ay', 'b', 'by', 'c', 'ch', 'd', 'dh', 'dy', 'e', 'e:', 'eh', 'ei', 'en', 'eng', 'er', 'ey', 'f', 'g', 'gy', 'h', 'hh', 'hy', 'i', 'i0', 'i:', 'ia', 'ian', 'iang', 'iao', 'ie', 'ih', 'in', 'ing', 'iong', 'ir', 'iu', 'iy', 'j', 'jh', 'k', 'ky', 'l', 'm', 'my', 'n', 'ng', 'ny', 'o', 'o:', 'ong', 'ou', 'ow', 'oy', 'p', 'py', 'q', 'r', 'ry', 's', 'sh', 't', 'th', 'ts', 'ty', 'u', 'u:', 'ua', 'uai', 'uan', 'uang', 'uh', 'ui', 'un', 'uo', 'uw', 'v', 'van', 've', 'vn', 'w', 'x', 'y', 'z', 'zh', 'zy', '~', '¡', '¿', 'æ', 'ç', 'ð', 'ø', 'ŋ', 'œ', 'ɐ', 'ɑ', 'ɒ', 'ɔ', 'ɕ', 'ə', 'ɛ', 'ɜ', 'ɡ', 'ɣ', 'ɥ', 'ɦ', 'ɪ', 'ɫ', 'ɬ', 'ɭ', 'ɯ', 'ɲ', 'ɵ', 'ɸ', 'ɹ', 'ɾ', 'ʁ', 'ʃ', 'ʊ', 'ʌ', 'ʎ', 'ʏ', 'ʑ', 'ʒ', 'ʝ', 'ʲ', 'ˈ', 'ˌ', 'ː', '̃', '̩', 'β', 'θ', 'ᄀ', 'k͡p', 'ˈa', 'ɤ', 'ˈɛ', 'ˈi', 'ă', 'ˈe', 'ʔ', 'ŋ͡m', 'tʰ', 'ɤ̆', 'ᄌ', 'ᄍ', 'ᄎ', 'ᄏ', 'ᄐ', 'ᄑ', 'ᄒ', 'ᅡ', 'ᅢ', 'ᅣ', 'ᅤ', 'ᅥ', 'ᅦ', 'ᅧ', 'ᅨ', 'ᅩ', 'ᅪ', 'ᅫ', 'ᅬ', 'ᅭ', 'ᅮ', 'ᅯ', 'ᅰ', 'ᅱ', 'ᅲ', 'ᅳ', 'ᅴ', 'ᅵ', 'ᆨ', 'ᆫ', 'ᆮ', 'ᆯ', 'ᆷ', 'ᆸ', 'ᆼ', 'ㄸ', '!', '?', '…', ',', '.', "'", '-', 'SP', 'UNK'], 'model_dir': './logs/vi_speaker_789', 'pretrain_G': None, 'pretrain_D': None, 'pretrain_dur': None, 'port': 10000}
2026-06-14 22:51:55,663	vi_speaker_789	WARNING	/content/vits2-melo/melo is not a git repository, therefore hash value comparison will be ignored.
2026-06-14 22:52:00,118	vi_speaker_789	INFO	Loaded checkpoint './logs/vi_speaker_789/DUR_80000.pth' (iteration 45)
2026-06-14 22:52:01,265	vi_speaker_789	INFO	Loaded checkpoint './logs/vi_speaker_789/G_80000.pth' (iteration 45)
2026-06-14 22:52:03,516	vi_speaker_789	INFO	Loaded checkpoint './logs/vi_speaker_789/D_80000.pth' (iteration 45)
2026-06-14 22:53:17,710	vi_speaker_789	INFO	Train Epoch: 45 [1%]
2026-06-14 22:53:17,712	vi_speaker_789	INFO	[2.163968086242676, 2.6847481727600098, 14.324156761169434, 16.70117950439453, 1.5733282566070557, 1.2763125896453857, 78600, 0.0002]
2026-06-14 22:59:55,201	vi_speaker_789	INFO	Train Epoch: 45 [12%]
2026-06-14 22:59:55,209	vi_speaker_789	INFO	[1.945083737373352, 2.94216251373291, 16.02950668334961, 16.753080368041992, 1.659902572631836, 1.1021080017089844, 78800, 0.0002]
2026-06-14 23:05:41,611	vi_speaker_789	INFO	Train Epoch: 45 [23%]
2026-06-14 23:05:41,614	vi_speaker_789	INFO	[2.2168474197387695, 2.7057690620422363, 13.125801086425781, 15.11544418334961, 1.6366403102874756, 1.216886043548584, 79000, 0.0002]
2026-06-14 23:11:25,450	vi_speaker_789	INFO	Train Epoch: 45 [34%]
2026-06-14 23:11:25,454	vi_speaker_789	INFO	[2.2436580657958984, 2.6482620239257812, 12.07058048248291, 13.98861312866211, 1.6393935680389404, 1.2046905755996704, 79200, 0.0002]
2026-06-14 23:16:50,429	vi_speaker_789	INFO	Train Epoch: 45 [46%]
2026-06-14 23:16:50,449	vi_speaker_789	INFO	[2.0105979442596436, 3.128152370452881, 15.62405014038086, 16.722524642944336, 1.6041377782821655, 1.1365536451339722, 79400, 0.0002]
2026-06-14 23:22:09,183	vi_speaker_789	INFO	Train Epoch: 45 [57%]
2026-06-14 23:22:09,186	vi_speaker_789	INFO	[2.21785831451416, 2.6366827487945557, 15.849433898925781, 17.779951095581055, 1.6759138107299805, 1.145768165588379, 79600, 0.0002]
2026-06-14 23:27:24,088	vi_speaker_789	INFO	Train Epoch: 45 [68%]
2026-06-14 23:27:24,090	vi_speaker_789	INFO	[2.1184260845184326, 2.627748727798462, 15.512289047241211, 16.861854553222656, 1.7411398887634277, 1.542382001876831, 79800, 0.0002]
2026-06-14 23:32:38,076	vi_speaker_789	INFO	Train Epoch: 45 [79%]
2026-06-14 23:32:38,078	vi_speaker_789	INFO	[2.425980567932129, 2.424452543258667, 11.663329124450684, 14.666656494140625, 1.6114919185638428, 1.4058837890625, 80000, 0.0002]
2026-06-14 23:40:00,284	vi_speaker_789	INFO	Saving model and optimizer state at iteration 45 to ./logs/vi_speaker_789/G_80000.pth
2026-06-14 23:40:51,528	vi_speaker_789	INFO	Saving model and optimizer state at iteration 45 to ./logs/vi_speaker_789/D_80000.pth
2026-06-14 23:41:55,020	vi_speaker_789	INFO	Saving model and optimizer state at iteration 45 to ./logs/vi_speaker_789/DUR_80000.pth
2026-06-14 23:47:17,267	vi_speaker_789	INFO	Train Epoch: 45 [90%]
2026-06-14 23:47:17,269	vi_speaker_789	INFO	[2.1693806648254395, 2.6421945095062256, 14.882044792175293, 16.652624130249023, 1.5793627500534058, 1.1982662677764893, 80200, 0.0002]
2026-06-14 23:51:47,399	vi_speaker_789	INFO	====> Epoch: 45
2026-06-14 23:52:40,326	vi_speaker_789	INFO	Train Epoch: 46 [2%]
2026-06-14 23:52:40,833	vi_speaker_789	INFO	[2.2667288780212402, 2.8476364612579346, 16.5805606842041, 17.376094818115234, 1.674311876296997, 1.5609568357467651, 80400, 0.000199975]
2026-06-14 23:57:54,549	vi_speaker_789	INFO	Train Epoch: 46 [13%]
2026-06-14 23:57:54,557	vi_speaker_789	INFO	[2.4283652305603027, 2.4878361225128174, 14.456496238708496, 17.006174087524414, 1.645869255065918, 1.3900829553604126, 80600, 0.000199975]
2026-06-15 00:03:01,444	vi_speaker_789	INFO	Train Epoch: 46 [24%]
2026-06-15 00:03:01,447	vi_speaker_789	INFO	[2.3385980129241943, 2.5654501914978027, 13.215734481811523, 15.417417526245117, 1.5747044086456299, 1.1292223930358887, 80800, 0.000199975]
2026-06-15 00:08:09,552	vi_speaker_789	INFO	Train Epoch: 46 [35%]
2026-06-15 00:08:09,563	vi_speaker_789	INFO	[2.0396246910095215, 2.8780996799468994, 15.682409286499023, 17.274003982543945, 1.6130534410476685, 1.001574993133545, 81000, 0.000199975]
2026-06-15 00:13:21,304	vi_speaker_789	INFO	Train Epoch: 46 [46%]
2026-06-15 00:13:21,307	vi_speaker_789	INFO	[2.195511817932129, 2.718863010406494, 14.521875381469727, 17.045818328857422, 1.6413828134536743, 1.6118897199630737, 81200, 0.000199975]
2026-06-15 00:18:33,472	vi_speaker_789	INFO	Train Epoch: 46 [58%]
2026-06-15 00:18:33,478	vi_speaker_789	INFO	[2.0685181617736816, 2.7463455200195312, 16.3924560546875, 16.991289138793945, 1.5719285011291504, 1.3113552331924438, 81400, 0.000199975]
2026-06-15 00:23:47,212	vi_speaker_789	INFO	Train Epoch: 46 [69%]
2026-06-15 00:23:47,216	vi_speaker_789	INFO	[2.3835415840148926, 2.557307243347168, 13.616022109985352, 15.64603042602539, 1.702674150466919, 1.4569090604782104, 81600, 0.000199975]
2026-06-15 00:28:55,928	vi_speaker_789	INFO	Train Epoch: 46 [80%]
2026-06-15 00:28:55,932	vi_speaker_789	INFO	[2.225947380065918, 2.7815961837768555, 15.933340072631836, 17.81586265563965, 1.6071977615356445, 1.3181877136230469, 81800, 0.000199975]
2026-06-15 00:34:06,337	vi_speaker_789	INFO	Train Epoch: 46 [91%]
2026-06-15 00:34:06,340	vi_speaker_789	INFO	[2.0438153743743896, 2.827242851257324, 17.051250457763672, 17.413105010986328, 1.6592841148376465, 1.6354386806488037, 82000, 0.000199975]
2026-06-15 00:40:00,119	vi_speaker_789	INFO	Saving model and optimizer state at iteration 46 to ./logs/vi_speaker_789/G_82000.pth
2026-06-15 00:41:13,675	vi_speaker_789	INFO	Saving model and optimizer state at iteration 46 to ./logs/vi_speaker_789/D_82000.pth
2026-06-15 00:42:31,556	vi_speaker_789	INFO	Saving model and optimizer state at iteration 46 to ./logs/vi_speaker_789/DUR_82000.pth
2026-06-15 00:46:38,192	vi_speaker_789	INFO	====> Epoch: 46
2026-06-15 00:47:57,061	vi_speaker_789	INFO	Train Epoch: 47 [2%]
2026-06-15 00:47:57,066	vi_speaker_789	INFO	[2.3502707481384277, 2.6932523250579834, 13.968616485595703, 16.53794288635254, 1.6942734718322754, 1.665822982788086, 82200, 0.000199950003125]
2026-06-15 00:53:18,714	vi_speaker_789	INFO	Train Epoch: 47 [14%]
2026-06-15 00:53:18,719	vi_speaker_789	INFO	[2.2581839561462402, 2.482954978942871, 12.135025978088379, 14.797276496887207, 1.6426568031311035, 1.3437148332595825, 82400, 0.000199950003125]
2026-06-15 00:58:32,603	vi_speaker_789	INFO	Train Epoch: 47 [25%]
2026-06-15 00:58:32,609	vi_speaker_789	INFO	[2.339259147644043, 2.540053606033325, 11.603686332702637, 12.975665092468262, 1.69395911693573, 1.6581571102142334, 82600, 0.000199950003125]
2026-06-15 01:03:57,928	vi_speaker_789	INFO	Train Epoch: 47 [36%]
2026-06-15 01:03:57,937	vi_speaker_789	INFO	[2.402233123779297, 2.3543801307678223, 12.230790138244629, 14.458588600158691, 1.6408765316009521, 1.255651593208313, 82800, 0.000199950003125]
2026-06-15 01:09:17,555	vi_speaker_789	INFO	Train Epoch: 47 [47%]
2026-06-15 01:09:17,560	vi_speaker_789	INFO	[2.209561586380005, 2.8102457523345947, 14.61913013458252, 17.636167526245117, 1.603900671005249, 1.3531402349472046, 83000, 0.000199950003125]
2026-06-15 01:14:30,558	vi_speaker_789	INFO	Train Epoch: 47 [58%]
2026-06-15 01:14:31,922	vi_speaker_789	INFO	[2.216743230819702, 2.7492282390594482, 12.216872215270996, 13.3109769821167, 1.6220324039459229, 0.9627020359039307, 83200, 0.000199950003125]
2026-06-15 01:19:45,799	vi_speaker_789	INFO	Train Epoch: 47 [70%]
2026-06-15 01:19:45,813	vi_speaker_789	INFO	[2.038687229156494, 3.062589645385742, 15.282492637634277, 17.485158920288086, 1.6378940343856812, 1.1843429803848267, 83400, 0.000199950003125]
2026-06-15 01:24:56,765	vi_speaker_789	INFO	Train Epoch: 47 [81%]
2026-06-15 01:24:56,773	vi_speaker_789	INFO	[2.2320754528045654, 2.968914747238159, 14.455310821533203, 18.23824691772461, 1.6610379219055176, 1.4990870952606201, 83600, 0.000199950003125]
2026-06-15 01:30:12,528	vi_speaker_789	INFO	Train Epoch: 47 [92%]
2026-06-15 01:30:12,534	vi_speaker_789	INFO	[2.3000898361206055, 2.547727108001709, 11.5842866897583, 14.367734909057617, 1.6693167686462402, 1.4145420789718628, 83800, 0.000199950003125]
2026-06-15 01:33:49,873	vi_speaker_789	INFO	====> Epoch: 47
2026-06-15 01:35:36,016	vi_speaker_789	INFO	Train Epoch: 48 [3%]
2026-06-15 01:35:36,560	vi_speaker_789	INFO	[2.0707452297210693, 2.738247871398926, 14.151100158691406, 16.275053024291992, 1.6342045068740845, 1.3543519973754883, 84000, 0.00019992500937460937]
2026-06-15 01:41:25,615	vi_speaker_789	INFO	Saving model and optimizer state at iteration 48 to ./logs/vi_speaker_789/G_84000.pth
2026-06-15 01:42:32,193	vi_speaker_789	INFO	Saving model and optimizer state at iteration 48 to ./logs/vi_speaker_789/D_84000.pth
2026-06-15 01:43:43,245	vi_speaker_789	INFO	Saving model and optimizer state at iteration 48 to ./logs/vi_speaker_789/DUR_84000.pth
2026-06-15 01:43:44,271	vi_speaker_789	INFO	.. Free up space by deleting ckpt ./logs/vi_speaker_789/D_80000.pth
2026-06-15 01:48:58,421	vi_speaker_789	INFO	Train Epoch: 48 [14%]
2026-06-15 01:48:58,427	vi_speaker_789	INFO	[2.001631021499634, 2.8309881687164307, 15.457290649414062, 17.726211547851562, 1.631345510482788, 1.408600091934204, 84200, 0.00019992500937460937]
2026-06-15 01:54:06,988	vi_speaker_789	INFO	Train Epoch: 48 [26%]
2026-06-15 01:54:06,989	vi_speaker_789	INFO	[2.143972396850586, 2.7144453525543213, 12.617385864257812, 16.105844497680664, 1.6259350776672363, 1.33950936794281, 84400, 0.00019992500937460937]
2026-06-15 01:59:14,647	vi_speaker_789	INFO	Train Epoch: 48 [37%]
2026-06-15 01:59:15,687	vi_speaker_789	INFO	[2.102450132369995, 2.840073585510254, 14.792929649353027, 17.234800338745117, 1.723933458328247, 1.0131418704986572, 84600, 0.00019992500937460937]
2026-06-15 02:04:29,764	vi_speaker_789	INFO	Train Epoch: 48 [48%]
2026-06-15 02:04:29,770	vi_speaker_789	INFO	[2.2575056552886963, 2.465832471847534, 12.977850914001465, 15.1180419921875, 1.608313798904419, 0.9226414561271667, 84800, 0.00019992500937460937]
2026-06-15 02:09:42,360	vi_speaker_789	INFO	Train Epoch: 48 [59%]
2026-06-15 02:09:42,366	vi_speaker_789	INFO	[2.0533547401428223, 2.7788915634155273, 16.912044525146484, 19.357311248779297, 1.6144442558288574, 1.2361643314361572, 85000, 0.00019992500937460937]
2026-06-15 02:14:55,302	vi_speaker_789	INFO	Train Epoch: 48 [70%]
2026-06-15 02:14:55,309	vi_speaker_789	INFO	[2.1606431007385254, 2.737671136856079, 15.099276542663574, 17.20444107055664, 1.5903552770614624, 1.310012936592102, 85200, 0.00019992500937460937]
2026-06-15 02:20:07,588	vi_speaker_789	INFO	Train Epoch: 48 [82%]
2026-06-15 02:20:07,594	vi_speaker_789	INFO	[2.0497066974639893, 2.8197219371795654, 16.989395141601562, 18.181272506713867, 1.6442351341247559, 1.183976650238037, 85400, 0.00019992500937460937]
2026-06-15 02:25:24,709	vi_speaker_789	INFO	Train Epoch: 48 [93%]
2026-06-15 02:25:24,714	vi_speaker_789	INFO	[2.4114267826080322, 2.3130297660827637, 11.0703763961792, 14.574981689453125, 1.6168787479400635, 1.29421067237854, 85600, 0.00019992500937460937]
2026-06-15 02:28:46,237	vi_speaker_789	INFO	====> Epoch: 48
2026-06-15 02:30:56,776	vi_speaker_789	INFO	Train Epoch: 49 [4%]
2026-06-15 02:30:56,781	vi_speaker_789	INFO	[2.0709123611450195, 3.0975375175476074, 18.49152374267578, 18.73777961730957, 1.7200896739959717, 2.09367299079895, 85800, 0.00019990001874843754]
2026-06-15 02:36:14,913	vi_speaker_789	INFO	Train Epoch: 49 [15%]
2026-06-15 02:36:14,924	vi_speaker_789	INFO	[2.0802996158599854, 2.9449503421783447, 15.159357070922852, 17.565364837646484, 1.6655043363571167, 1.1448148488998413, 86000, 0.00019990001874843754]
2026-06-15 02:42:12,791	vi_speaker_789	INFO	Saving model and optimizer state at iteration 49 to ./logs/vi_speaker_789/G_86000.pth
2026-06-15 02:43:23,156	vi_speaker_789	INFO	Saving model and optimizer state at iteration 49 to ./logs/vi_speaker_789/D_86000.pth
2026-06-15 02:44:49,054	vi_speaker_789	INFO	Saving model and optimizer state at iteration 49 to ./logs/vi_speaker_789/DUR_86000.pth
2026-06-15 02:44:49,104	vi_speaker_789	INFO	.. Free up space by deleting ckpt ./logs/vi_speaker_789/DUR_80000.pth
2026-06-15 02:44:49,108	vi_speaker_789	INFO	.. Free up space by deleting ckpt ./logs/vi_speaker_789/D_82000.pth
2026-06-15 02:50:01,294	vi_speaker_789	INFO	Train Epoch: 49 [26%]
2026-06-15 02:50:01,298	vi_speaker_789	INFO	[2.328989028930664, 2.4539525508880615, 12.313833236694336, 14.751535415649414, 1.6491347551345825, 1.607846736907959, 86200, 0.00019990001874843754]
2026-06-15 02:55:18,221	vi_speaker_789	INFO	Train Epoch: 49 [38%]
2026-06-15 02:55:18,223	vi_speaker_789	INFO	[2.164717197418213, 2.634770393371582, 13.108169555664062, 16.6502685546875, 1.6687299013137817, 1.3137192726135254, 86400, 0.00019990001874843754]
2026-06-15 03:01:42,707	vi_speaker_789	INFO	Train Epoch: 49 [49%]
2026-06-15 03:01:42,748	vi_speaker_789	INFO	[2.202805995941162, 2.669022560119629, 15.743861198425293, 16.359968185424805, 1.6617517471313477, 1.5381534099578857, 86600, 0.00019990001874843754]
2026-06-15 03:07:34,443	vi_speaker_789	INFO	Train Epoch: 49 [60%]
2026-06-15 03:07:34,448	vi_speaker_789	INFO	[2.150325059890747, 2.7848610877990723, 15.201763153076172, 16.26921844482422, 1.6264376640319824, 1.3280631303787231, 86800, 0.00019990001874843754]
2026-06-15 03:12:48,595	vi_speaker_789	INFO	Train Epoch: 49 [71%]
2026-06-15 03:12:48,606	vi_speaker_789	INFO	[2.3504114151000977, 2.5119879245758057, 14.054388046264648, 16.283161163330078, 1.6278095245361328, 1.371264934539795, 87000, 0.00019990001874843754]
2026-06-15 03:18:06,155	vi_speaker_789	INFO	Train Epoch: 49 [82%]
2026-06-15 03:18:06,162	vi_speaker_789	INFO	[2.1513795852661133, 2.8137662410736084, 13.16300106048584, 15.687195777893066, 1.6611559391021729, 1.5500295162200928, 87200, 0.00019990001874843754]
2026-06-15 03:23:15,443	vi_speaker_789	INFO	Train Epoch: 49 [94%]
2026-06-15 03:23:15,446	vi_speaker_789	INFO	[2.062309741973877, 3.135307788848877, 16.78517723083496, 17.899211883544922, 1.5594327449798584, 1.3683198690414429, 87400, 0.00019990001874843754]
2026-06-15 03:26:13,817	vi_speaker_789	INFO	====> Epoch: 49
2026-06-15 03:28:46,832	vi_speaker_789	INFO	Train Epoch: 50 [5%]
2026-06-15 03:28:46,834	vi_speaker_789	INFO	[2.3050527572631836, 2.5134072303771973, 13.106925010681152, 15.847355842590332, 1.64239501953125, 1.0168795585632324, 87600, 0.00019987503124609398]
2026-06-15 03:34:02,655	vi_speaker_789	INFO	Train Epoch: 50 [16%]
2026-06-15 03:34:02,658	vi_speaker_789	INFO	[2.1886227130889893, 2.8388752937316895, 15.378525733947754, 19.03618621826172, 1.7085756063461304, 1.6953434944152832, 87800, 0.00019987503124609398]
2026-06-15 03:39:16,644	vi_speaker_789	INFO	Train Epoch: 50 [27%]
2026-06-15 03:39:16,648	vi_speaker_789	INFO	[2.1408753395080566, 2.685035228729248, 14.143818855285645, 15.407443046569824, 1.6075973510742188, 1.2889569997787476, 88000, 0.00019987503124609398]
2026-06-15 03:44:46,558	vi_speaker_789	INFO	Saving model and optimizer state at iteration 50 to ./logs/vi_speaker_789/G_88000.pth
2026-06-15 03:45:59,844	vi_speaker_789	INFO	Saving model and optimizer state at iteration 50 to ./logs/vi_speaker_789/D_88000.pth
2026-06-15 03:47:15,562	vi_speaker_789	INFO	Saving model and optimizer state at iteration 50 to ./logs/vi_speaker_789/DUR_88000.pth
2026-06-15 03:57:25,916	vi_speaker_789	INFO	{'train': {'log_interval': 200, 'eval_interval': 2000, 'seed': 52, 'epochs': 10000, 'learning_rate': 0.0002, 'betas': [0.8, 0.99], 'eps': 1e-09, 'batch_size': 8, 'fp16_run': False, 'lr_decay': 0.999875, 'segment_size': 16384, 'init_lr_ratio': 1, 'warmup_epochs': 0, 'c_mel': 45, 'c_kl': 1.0, 'skip_optimizer': True, 'device': 'cuda:0'}, 'data': {'training_files': '/content/vits2-melo/melo/data/vi_speaker_44100_789/train.list', 'validation_files': '/content/vits2-melo/melo/data/vi_speaker_44100_789/val.list', 'max_wav_value': 32768.0, 'sampling_rate': 44100, 'filter_length': 2048, 'hop_length': 512, 'win_length': 2048, 'n_mel_channels': 128, 'mel_fmin': 0.0, 'mel_fmax': None, 'add_blank': True, 'n_speakers': 256, 'cleaned_text': True, 'spk2id': {'VI-default': 0}}, 'model': {'use_spk_conditioned_encoder': True, 'use_noise_scaled_mas': True, 'use_mel_posterior_encoder': False, 'use_duration_discriminator': True, 'inter_channels': 192, 'hidden_channels': 192, 'filter_channels': 768, 'n_heads': 2, 'n_layers': 6, 'n_layers_trans_flow': 3, 'kernel_size': 3, 'p_dropout': 0.1, 'resblock': '1', 'resblock_kernel_sizes': [3, 7, 11], 'resblock_dilation_sizes': [[1, 3, 5], [1, 3, 5], [1, 3, 5]], 'upsample_rates': [8, 8, 2, 2, 2], 'upsample_initial_channel': 512, 'upsample_kernel_sizes': [16, 16, 8, 2, 2], 'n_layers_q': 3, 'use_spectral_norm': False, 'gin_channels': 256}, 'device': 'cuda:0', 'num_languages': 10, 'num_tones': 24, 'symbols': ['_', '"', '(', ')', '*', '/', ':', 'AA', 'E', 'EE', 'En', 'N', 'OO', 'Q', 'V', '[', '\\', ']', '^', 'a', 'a:', 'aa', 'ae', 'ah', 'ai', 'an', 'ang', 'ao', 'aw', 'ay', 'b', 'by', 'c', 'ch', 'd', 'dh', 'dy', 'e', 'e:', 'eh', 'ei', 'en', 'eng', 'er', 'ey', 'f', 'g', 'gy', 'h', 'hh', 'hy', 'i', 'i0', 'i:', 'ia', 'ian', 'iang', 'iao', 'ie', 'ih', 'in', 'ing', 'iong', 'ir', 'iu', 'iy', 'j', 'jh', 'k', 'ky', 'l', 'm', 'my', 'n', 'ng', 'ny', 'o', 'o:', 'ong', 'ou', 'ow', 'oy', 'p', 'py', 'q', 'r', 'ry', 's', 'sh', 't', 'th', 'ts', 'ty', 'u', 'u:', 'ua', 'uai', 'uan', 'uang', 'uh', 'ui', 'un', 'uo', 'uw', 'v', 'van', 've', 'vn', 'w', 'x', 'y', 'z', 'zh', 'zy', '~', '¡', '¿', 'æ', 'ç', 'ð', 'ø', 'ŋ', 'œ', 'ɐ', 'ɑ', 'ɒ', 'ɔ', 'ɕ', 'ə', 'ɛ', 'ɜ', 'ɡ', 'ɣ', 'ɥ', 'ɦ', 'ɪ', 'ɫ', 'ɬ', 'ɭ', 'ɯ', 'ɲ', 'ɵ', 'ɸ', 'ɹ', 'ɾ', 'ʁ', 'ʃ', 'ʊ', 'ʌ', 'ʎ', 'ʏ', 'ʑ', 'ʒ', 'ʝ', 'ʲ', 'ˈ', 'ˌ', 'ː', '̃', '̩', 'β', 'θ', 'ᄀ', 'k͡p', 'ˈa', 'ɤ', 'ˈɛ', 'ˈi', 'ă', 'ˈe', 'ʔ', 'ŋ͡m', 'tʰ', 'ɤ̆', 'ᄌ', 'ᄍ', 'ᄎ', 'ᄏ', 'ᄐ', 'ᄑ', 'ᄒ', 'ᅡ', 'ᅢ', 'ᅣ', 'ᅤ', 'ᅥ', 'ᅦ', 'ᅧ', 'ᅨ', 'ᅩ', 'ᅪ', 'ᅫ', 'ᅬ', 'ᅭ', 'ᅮ', 'ᅯ', 'ᅰ', 'ᅱ', 'ᅲ', 'ᅳ', 'ᅴ', 'ᅵ', 'ᆨ', 'ᆫ', 'ᆮ', 'ᆯ', 'ᆷ', 'ᆸ', 'ᆼ', 'ㄸ', '!', '?', '…', ',', '.', "'", '-', 'SP', 'UNK'], 'model_dir': './logs/vi_speaker_789', 'pretrain_G': None, 'pretrain_D': None, 'pretrain_dur': None, 'port': 10000}
2026-06-15 03:57:25,920	vi_speaker_789	WARNING	/content/vits2-melo/melo is not a git repository, therefore hash value comparison will be ignored.
2026-06-15 03:57:31,349	vi_speaker_789	INFO	Loaded checkpoint './logs/vi_speaker_789/DUR_88000.pth' (iteration 50)
2026-06-15 03:57:34,053	vi_speaker_789	INFO	Loaded checkpoint './logs/vi_speaker_789/G_88000.pth' (iteration 50)
2026-06-15 03:57:35,841	vi_speaker_789	INFO	Loaded checkpoint './logs/vi_speaker_789/D_88000.pth' (iteration 50)
2026-06-15 04:01:18,718	vi_speaker_789	INFO	Train Epoch: 50 [5%]
2026-06-15 04:01:18,722	vi_speaker_789	INFO	[2.0865347385406494, 2.6113522052764893, 13.961429595947266, 15.612021446228027, 1.6405189037322998, 1.1153391599655151, 87600, 0.0002]
2026-06-15 04:07:03,255	vi_speaker_789	INFO	Train Epoch: 50 [16%]
2026-06-15 04:07:03,256	vi_speaker_789	INFO	[2.074906587600708, 2.773270845413208, 15.722677230834961, 17.4636173248291, 1.7189271450042725, 1.8552370071411133, 87800, 0.0002]
2026-06-15 04:12:30,124	vi_speaker_789	INFO	Train Epoch: 50 [27%]
2026-06-15 04:12:30,129	vi_speaker_789	INFO	[2.3526082038879395, 2.4085161685943604, 13.067962646484375, 14.553262710571289, 1.6077497005462646, 1.452046275138855, 88000, 0.0002]
2026-06-15 04:20:20,850	vi_speaker_789	INFO	Saving model and optimizer state at iteration 50 to ./logs/vi_speaker_789/G_88000.pth
2026-06-15 04:21:17,053	vi_speaker_789	INFO	Saving model and optimizer state at iteration 50 to ./logs/vi_speaker_789/D_88000.pth
2026-06-15 04:22:16,329	vi_speaker_789	INFO	Saving model and optimizer state at iteration 50 to ./logs/vi_speaker_789/DUR_88000.pth
2026-06-15 04:27:48,513	vi_speaker_789	INFO	Train Epoch: 50 [38%]
2026-06-15 04:27:48,517	vi_speaker_789	INFO	[2.0958986282348633, 2.683887004852295, 14.728997230529785, 17.04979133605957, 1.6878955364227295, 1.342698335647583, 88200, 0.0002]
2026-06-15 04:33:00,870	vi_speaker_789	INFO	Train Epoch: 50 [50%]
2026-06-15 04:33:00,877	vi_speaker_789	INFO	[2.001166343688965, 2.980525016784668, 15.095053672790527, 18.225650787353516, 1.5752198696136475, 0.9695625305175781, 88400, 0.0002]
2026-06-15 04:38:14,726	vi_speaker_789	INFO	Train Epoch: 50 [61%]
2026-06-15 04:38:14,730	vi_speaker_789	INFO	[2.0113365650177, 3.049539804458618, 14.325451850891113, 17.827470779418945, 1.6363372802734375, 1.0984498262405396, 88600, 0.0002]
2026-06-15 04:43:18,849	vi_speaker_789	INFO	Train Epoch: 50 [72%]
2026-06-15 04:43:18,853	vi_speaker_789	INFO	[1.8826278448104858, 2.808311939239502, 17.213232040405273, 17.584606170654297, 1.6727163791656494, 1.2757294178009033, 88800, 0.0002]
2026-06-15 04:48:32,652	vi_speaker_789	INFO	Train Epoch: 50 [83%]
2026-06-15 04:48:32,657	vi_speaker_789	INFO	[2.068814754486084, 2.744952440261841, 13.62163257598877, 16.694644927978516, 1.581107497215271, 1.1896085739135742, 89000, 0.0002]
2026-06-15 04:53:41,830	vi_speaker_789	INFO	Train Epoch: 50 [94%]
2026-06-15 04:53:41,836	vi_speaker_789	INFO	[1.7823290824890137, 3.354154586791992, 17.675451278686523, 19.12149429321289, 1.6010245084762573, 1.3632320165634155, 89200, 0.0002]
2026-06-15 04:56:13,162	vi_speaker_789	INFO	====> Epoch: 50
2026-06-15 04:58:52,815	vi_speaker_789	INFO	Train Epoch: 51 [6%]
2026-06-15 04:58:52,819	vi_speaker_789	INFO	[2.206608772277832, 2.923297166824341, 15.081368446350098, 16.82081413269043, 1.7158477306365967, 1.465097188949585, 89400, 0.000199975]
2026-06-15 05:03:57,829	vi_speaker_789	INFO	Train Epoch: 51 [17%]
2026-06-15 05:03:57,834	vi_speaker_789	INFO	[2.0537726879119873, 2.8265316486358643, 15.5110502243042, 17.8426456451416, 1.5956077575683594, 1.2980595827102661, 89600, 0.000199975]
2026-06-15 05:09:05,848	vi_speaker_789	INFO	Train Epoch: 51 [28%]
2026-06-15 05:09:05,852	vi_speaker_789	INFO	[1.9672884941101074, 2.9632129669189453, 15.416769981384277, 18.044921875, 1.62253999710083, 1.216385841369629, 89800, 0.000199975]
2026-06-15 05:14:15,091	vi_speaker_789	INFO	Train Epoch: 51 [39%]
2026-06-15 05:14:15,095	vi_speaker_789	INFO	[2.0977623462677, 2.6691133975982666, 14.171329498291016, 16.41512680053711, 1.6352534294128418, 1.2169711589813232, 90000, 0.000199975]
2026-06-15 05:19:30,032	vi_speaker_789	INFO	Saving model and optimizer state at iteration 51 to ./logs/vi_speaker_789/G_90000.pth
2026-06-15 05:20:49,048	vi_speaker_789	INFO	Saving model and optimizer state at iteration 51 to ./logs/vi_speaker_789/D_90000.pth
2026-06-15 05:22:08,349	vi_speaker_789	INFO	Saving model and optimizer state at iteration 51 to ./logs/vi_speaker_789/DUR_90000.pth
2026-06-15 05:27:22,180	vi_speaker_789	INFO	Train Epoch: 51 [50%]
2026-06-15 05:27:22,184	vi_speaker_789	INFO	[2.311581611633301, 2.5693187713623047, 13.597471237182617, 15.306876182556152, 1.610368251800537, 1.2665451765060425, 90200, 0.000199975]
2026-06-15 05:32:42,452	vi_speaker_789	INFO	Train Epoch: 51 [62%]
2026-06-15 05:32:44,243	vi_speaker_789	INFO	[2.143754482269287, 2.5649361610412598, 12.924938201904297, 16.47610092163086, 1.6935758590698242, 1.102341651916504, 90400, 0.000199975]
2026-06-15 05:38:03,293	vi_speaker_789	INFO	Train Epoch: 51 [73%]
2026-06-15 05:38:03,296	vi_speaker_789	INFO	[2.3014044761657715, 2.4346907138824463, 13.068243026733398, 16.6549072265625, 1.7093406915664673, 1.4185012578964233, 90600, 0.000199975]
2026-06-15 05:43:04,996	vi_speaker_789	INFO	Train Epoch: 51 [84%]
2026-06-15 05:43:04,998	vi_speaker_789	INFO	[2.2431869506835938, 2.8406410217285156, 16.238601684570312, 18.804973602294922, 1.6868150234222412, 1.3691226243972778, 90800, 0.000199975]
2026-06-15 05:48:12,747	vi_speaker_789	INFO	Train Epoch: 51 [95%]
2026-06-15 05:48:12,751	vi_speaker_789	INFO	[2.394164562225342, 2.596750020980835, 12.620843887329102, 16.365177154541016, 1.577825665473938, 1.215097427368164, 91000, 0.000199975]
2026-06-15 05:50:23,672	vi_speaker_789	INFO	====> Epoch: 51
2026-06-15 05:53:29,705	vi_speaker_789	INFO	Train Epoch: 52 [6%]
2026-06-15 05:53:29,709	vi_speaker_789	INFO	[2.0965044498443604, 2.9003450870513916, 17.163042068481445, 19.255319595336914, 1.6988131999969482, 1.313536286354065, 91200, 0.000199950003125]
2026-06-15 05:58:37,418	vi_speaker_789	INFO	Train Epoch: 52 [18%]
2026-06-15 05:58:37,420	vi_speaker_789	INFO	[1.927222490310669, 3.09287166595459, 16.5989990234375, 17.538854598999023, 1.6411606073379517, 1.4890738725662231, 91400, 0.000199950003125]
2026-06-15 06:03:57,669	vi_speaker_789	INFO	Train Epoch: 52 [29%]
2026-06-15 06:03:59,277	vi_speaker_789	INFO	[2.1441500186920166, 2.936793804168701, 15.32442569732666, 17.062397003173828, 1.6946327686309814, 1.1230303049087524, 91600, 0.000199950003125]
2026-06-15 06:09:17,794	vi_speaker_789	INFO	Train Epoch: 52 [40%]
2026-06-15 06:09:18,734	vi_speaker_789	INFO	[2.223132610321045, 2.736713171005249, 14.03173542022705, 17.146211624145508, 1.5910875797271729, 1.3814860582351685, 91800, 0.000199950003125]
2026-06-15 06:14:40,829	vi_speaker_789	INFO	Train Epoch: 52 [51%]
2026-06-15 06:14:40,832	vi_speaker_789	INFO	[2.008209228515625, 3.3450756072998047, 15.350479125976562, 18.227088928222656, 1.5955531597137451, 1.4423233270645142, 92000, 0.000199950003125]
2026-06-15 06:20:05,339	vi_speaker_789	INFO	Saving model and optimizer state at iteration 52 to ./logs/vi_speaker_789/G_92000.pth
2026-06-15 06:21:22,728	vi_speaker_789	INFO	Saving model and optimizer state at iteration 52 to ./logs/vi_speaker_789/D_92000.pth
2026-06-15 06:22:41,432	vi_speaker_789	INFO	Saving model and optimizer state at iteration 52 to ./logs/vi_speaker_789/DUR_92000.pth
2026-06-15 06:22:46,607	vi_speaker_789	INFO	.. Free up space by deleting ckpt ./logs/vi_speaker_789/D_88000.pth
2026-06-15 06:28:12,741	vi_speaker_789	INFO	Train Epoch: 52 [62%]
2026-06-15 06:28:12,840	vi_speaker_789	INFO	[2.0875260829925537, 2.9539098739624023, 16.85417938232422, 18.354997634887695, 1.6340141296386719, 1.401797890663147, 92200, 0.000199950003125]
2026-06-15 06:33:56,016	vi_speaker_789	INFO	Train Epoch: 52 [74%]
2026-06-15 06:33:56,661	vi_speaker_789	INFO	[2.1136913299560547, 2.7410624027252197, 14.75190544128418, 15.327239036560059, 1.672524094581604, 1.4111928939819336, 92400, 0.000199950003125]
2026-06-15 06:39:27,725	vi_speaker_789	INFO	Train Epoch: 52 [85%]
2026-06-15 06:39:27,730	vi_speaker_789	INFO	[2.1871774196624756, 2.734440326690674, 13.415777206420898, 15.255739212036133, 1.6700893640518188, 1.397039771080017, 92600, 0.000199950003125]
2026-06-15 06:45:00,315	vi_speaker_789	INFO	Train Epoch: 52 [96%]
2026-06-15 06:45:01,033	vi_speaker_789	INFO	[2.2858383655548096, 2.710573673248291, 13.16487979888916, 16.517139434814453, 1.6380338668823242, 1.3339093923568726, 92800, 0.000199950003125]
2026-06-15 06:46:59,968	vi_speaker_789	INFO	====> Epoch: 52
2026-06-15 06:50:58,424	vi_speaker_789	INFO	Train Epoch: 53 [7%]
2026-06-15 06:51:00,243	vi_speaker_789	INFO	[1.9684059619903564, 3.007347345352173, 16.969680786132812, 18.663122177124023, 1.6517566442489624, 1.2229822874069214, 93000, 0.00019992500937460937]
2026-06-15 06:56:40,334	vi_speaker_789	INFO	Train Epoch: 53 [18%]
2026-06-15 06:56:40,350	vi_speaker_789	INFO	[2.1009066104888916, 2.8921115398406982, 15.396221160888672, 17.733797073364258, 1.5868995189666748, 1.3054835796356201, 93200, 0.00019992500937460937]
2026-06-15 07:02:29,190	vi_speaker_789	INFO	Train Epoch: 53 [30%]
2026-06-15 07:02:30,070	vi_speaker_789	INFO	[1.9337517023086548, 2.762688398361206, 16.163593292236328, 18.074254989624023, 1.5991324186325073, 1.1305440664291382, 93400, 0.00019992500937460937]
2026-06-15 07:07:42,000	vi_speaker_789	INFO	Train Epoch: 53 [41%]
2026-06-15 07:07:42,004	vi_speaker_789	INFO	[2.376554489135742, 2.487663507461548, 11.103108406066895, 14.484786987304688, 1.621504306793213, 1.4161601066589355, 93600, 0.00019992500937460937]
2026-06-15 07:12:56,994	vi_speaker_789	INFO	Train Epoch: 53 [52%]
2026-06-15 07:12:56,997	vi_speaker_789	INFO	[1.9276883602142334, 3.2302908897399902, 16.493446350097656, 17.544174194335938, 1.6913862228393555, 1.2986280918121338, 93800, 0.00019992500937460937]
2026-06-15 07:18:14,144	vi_speaker_789	INFO	Train Epoch: 53 [63%]
2026-06-15 07:18:14,147	vi_speaker_789	INFO	[2.204200267791748, 2.628413677215576, 13.481882095336914, 16.075315475463867, 1.569873332977295, 1.3536083698272705, 94000, 0.00019992500937460937]
2026-06-15 07:23:53,351	vi_speaker_789	INFO	Saving model and optimizer state at iteration 53 to ./logs/vi_speaker_789/G_94000.pth
2026-06-15 07:24:55,826	vi_speaker_789	INFO	Saving model and optimizer state at iteration 53 to ./logs/vi_speaker_789/D_94000.pth
2026-06-15 07:26:03,635	vi_speaker_789	INFO	Saving model and optimizer state at iteration 53 to ./logs/vi_speaker_789/DUR_94000.pth
2026-06-15 07:26:03,986	vi_speaker_789	INFO	.. Free up space by deleting ckpt ./logs/vi_speaker_789/DUR_88000.pth
2026-06-15 07:26:03,989	vi_speaker_789	INFO	.. Free up space by deleting ckpt ./logs/vi_speaker_789/D_90000.pth
2026-06-15 07:31:15,955	vi_speaker_789	INFO	Train Epoch: 53 [74%]
2026-06-15 07:31:15,958	vi_speaker_789	INFO	[2.276898145675659, 2.6624441146850586, 14.181026458740234, 16.435579299926758, 1.6515731811523438, 1.3262441158294678, 94200, 0.00019992500937460937]
2026-06-15 07:36:26,072	vi_speaker_789	INFO	Train Epoch: 53 [86%]
2026-06-15 07:36:26,074	vi_speaker_789	INFO	[2.1855227947235107, 2.7403178215026855, 14.92480182647705, 16.113008499145508, 1.64841890335083, 1.2354243993759155, 94400, 0.00019992500937460937]
2026-06-15 07:41:37,372	vi_speaker_789	INFO	Train Epoch: 53 [97%]
2026-06-15 07:41:37,375	vi_speaker_789	INFO	[1.9202793836593628, 2.9500832557678223, 17.99885368347168, 18.187397003173828, 1.647239327430725, 1.2270548343658447, 94600, 0.00019992500937460937]
2026-06-15 07:43:04,559	vi_speaker_789	INFO	====> Epoch: 53
2026-06-15 07:46:50,773	vi_speaker_789	INFO	Train Epoch: 54 [8%]
2026-06-15 07:46:50,779	vi_speaker_789	INFO	[2.1433053016662598, 2.5510759353637695, 12.35913372039795, 13.80427074432373, 1.653907299041748, 1.5641158819198608, 94800, 0.00019990001874843754]
2026-06-15 07:52:01,995	vi_speaker_789	INFO	Train Epoch: 54 [19%]
2026-06-15 07:52:01,998	vi_speaker_789	INFO	[2.214022159576416, 2.7508182525634766, 15.61113452911377, 18.137357711791992, 1.6225154399871826, 1.1487033367156982, 95000, 0.00019990001874843754]
2026-06-15 07:57:17,308	vi_speaker_789	INFO	Train Epoch: 54 [30%]
2026-06-15 07:57:17,314	vi_speaker_789	INFO	[2.1222612857818604, 2.8116865158081055, 13.623603820800781, 15.661981582641602, 1.6332628726959229, 1.2119851112365723, 95200, 0.00019990001874843754]
2026-06-15 08:02:27,231	vi_speaker_789	INFO	Train Epoch: 54 [42%]
2026-06-15 08:02:27,235	vi_speaker_789	INFO	[2.0593929290771484, 2.7896244525909424, 16.22545623779297, 16.942798614501953, 1.6174458265304565, 1.1541122198104858, 95400, 0.00019990001874843754]
2026-06-15 08:07:37,932	vi_speaker_789	INFO	Train Epoch: 54 [53%]
2026-06-15 08:07:37,936	vi_speaker_789	INFO	[2.0801432132720947, 2.657376289367676, 17.378421783447266, 18.44024085998535, 1.6909351348876953, 1.5328689813613892, 95600, 0.00019990001874843754]
2026-06-15 08:12:45,453	vi_speaker_789	INFO	Train Epoch: 54 [64%]
2026-06-15 08:12:45,459	vi_speaker_789	INFO	[2.2843375205993652, 2.6899125576019287, 11.020028114318848, 14.348922729492188, 1.6553950309753418, 1.3302569389343262, 95800, 0.00019990001874843754]
2026-06-15 08:17:57,980	vi_speaker_789	INFO	Train Epoch: 54 [75%]
2026-06-15 08:17:57,985	vi_speaker_789	INFO	[2.2854361534118652, 2.727830648422241, 15.063433647155762, 18.25184440612793, 1.6565295457839966, 1.4154642820358276, 96000, 0.00019990001874843754]
2026-06-15 08:23:06,550	vi_speaker_789	INFO	Saving model and optimizer state at iteration 54 to ./logs/vi_speaker_789/G_96000.pth
2026-06-15 08:24:12,333	vi_speaker_789	INFO	Saving model and optimizer state at iteration 54 to ./logs/vi_speaker_789/D_96000.pth
2026-06-15 08:25:18,768	vi_speaker_789	INFO	Saving model and optimizer state at iteration 54 to ./logs/vi_speaker_789/DUR_96000.pth
2026-06-15 08:25:21,930	vi_speaker_789	INFO	.. Free up space by deleting ckpt ./logs/vi_speaker_789/DUR_90000.pth
2026-06-15 08:25:21,937	vi_speaker_789	INFO	.. Free up space by deleting ckpt ./logs/vi_speaker_789/D_92000.pth
2026-06-15 08:30:29,963	vi_speaker_789	INFO	Train Epoch: 54 [86%]
2026-06-15 08:30:29,972	vi_speaker_789	INFO	[1.953485131263733, 2.8519058227539062, 17.351295471191406, 18.431772232055664, 1.636731743812561, 1.318678855895996, 96200, 0.00019990001874843754]
2026-06-15 08:35:43,255	vi_speaker_789	INFO	Train Epoch: 54 [98%]
2026-06-15 08:35:43,258	vi_speaker_789	INFO	[2.129275321960449, 2.9286129474639893, 15.633218765258789, 17.23534393310547, 1.6794953346252441, 1.124855637550354, 96400, 0.00019990001874843754]
2026-06-15 08:36:49,359	vi_speaker_789	INFO	====> Epoch: 54
2026-06-15 08:40:58,238	vi_speaker_789	INFO	Train Epoch: 55 [9%]
2026-06-15 08:40:58,241	vi_speaker_789	INFO	[1.9240792989730835, 3.086233615875244, 18.838171005249023, 18.110374450683594, 1.5948032140731812, 1.7664713859558105, 96600, 0.00019987503124609398]
2026-06-15 09:12:01,109	vi_speaker_789	INFO	{'train': {'log_interval': 200, 'eval_interval': 2000, 'seed': 52, 'epochs': 10000, 'learning_rate': 0.0002, 'betas': [0.8, 0.99], 'eps': 1e-09, 'batch_size': 8, 'fp16_run': False, 'lr_decay': 0.999875, 'segment_size': 16384, 'init_lr_ratio': 1, 'warmup_epochs': 0, 'c_mel': 45, 'c_kl': 1.0, 'skip_optimizer': True, 'device': 'cuda:0'}, 'data': {'training_files': '/content/vits2-melo/melo/data/vi_speaker_44100_789/train.list', 'validation_files': '/content/vits2-melo/melo/data/vi_speaker_44100_789/val.list', 'max_wav_value': 32768.0, 'sampling_rate': 44100, 'filter_length': 2048, 'hop_length': 512, 'win_length': 2048, 'n_mel_channels': 128, 'mel_fmin': 0.0, 'mel_fmax': None, 'add_blank': True, 'n_speakers': 256, 'cleaned_text': True, 'spk2id': {'VI-default': 0}}, 'model': {'use_spk_conditioned_encoder': True, 'use_noise_scaled_mas': True, 'use_mel_posterior_encoder': False, 'use_duration_discriminator': True, 'inter_channels': 192, 'hidden_channels': 192, 'filter_channels': 768, 'n_heads': 2, 'n_layers': 6, 'n_layers_trans_flow': 3, 'kernel_size': 3, 'p_dropout': 0.1, 'resblock': '1', 'resblock_kernel_sizes': [3, 7, 11], 'resblock_dilation_sizes': [[1, 3, 5], [1, 3, 5], [1, 3, 5]], 'upsample_rates': [8, 8, 2, 2, 2], 'upsample_initial_channel': 512, 'upsample_kernel_sizes': [16, 16, 8, 2, 2], 'n_layers_q': 3, 'use_spectral_norm': False, 'gin_channels': 256}, 'device': 'cuda:0', 'num_languages': 10, 'num_tones': 24, 'symbols': ['_', '"', '(', ')', '*', '/', ':', 'AA', 'E', 'EE', 'En', 'N', 'OO', 'Q', 'V', '[', '\\', ']', '^', 'a', 'a:', 'aa', 'ae', 'ah', 'ai', 'an', 'ang', 'ao', 'aw', 'ay', 'b', 'by', 'c', 'ch', 'd', 'dh', 'dy', 'e', 'e:', 'eh', 'ei', 'en', 'eng', 'er', 'ey', 'f', 'g', 'gy', 'h', 'hh', 'hy', 'i', 'i0', 'i:', 'ia', 'ian', 'iang', 'iao', 'ie', 'ih', 'in', 'ing', 'iong', 'ir', 'iu', 'iy', 'j', 'jh', 'k', 'ky', 'l', 'm', 'my', 'n', 'ng', 'ny', 'o', 'o:', 'ong', 'ou', 'ow', 'oy', 'p', 'py', 'q', 'r', 'ry', 's', 'sh', 't', 'th', 'ts', 'ty', 'u', 'u:', 'ua', 'uai', 'uan', 'uang', 'uh', 'ui', 'un', 'uo', 'uw', 'v', 'van', 've', 'vn', 'w', 'x', 'y', 'z', 'zh', 'zy', '~', '¡', '¿', 'æ', 'ç', 'ð', 'ø', 'ŋ', 'œ', 'ɐ', 'ɑ', 'ɒ', 'ɔ', 'ɕ', 'ə', 'ɛ', 'ɜ', 'ɡ', 'ɣ', 'ɥ', 'ɦ', 'ɪ', 'ɫ', 'ɬ', 'ɭ', 'ɯ', 'ɲ', 'ɵ', 'ɸ', 'ɹ', 'ɾ', 'ʁ', 'ʃ', 'ʊ', 'ʌ', 'ʎ', 'ʏ', 'ʑ', 'ʒ', 'ʝ', 'ʲ', 'ˈ', 'ˌ', 'ː', '̃', '̩', 'β', 'θ', 'ᄀ', 'k͡p', 'ˈa', 'ɤ', 'ˈɛ', 'ˈi', 'ă', 'ˈe', 'ʔ', 'ŋ͡m', 'tʰ', 'ɤ̆', 'ᄌ', 'ᄍ', 'ᄎ', 'ᄏ', 'ᄐ', 'ᄑ', 'ᄒ', 'ᅡ', 'ᅢ', 'ᅣ', 'ᅤ', 'ᅥ', 'ᅦ', 'ᅧ', 'ᅨ', 'ᅩ', 'ᅪ', 'ᅫ', 'ᅬ', 'ᅭ', 'ᅮ', 'ᅯ', 'ᅰ', 'ᅱ', 'ᅲ', 'ᅳ', 'ᅴ', 'ᅵ', 'ᆨ', 'ᆫ', 'ᆮ', 'ᆯ', 'ᆷ', 'ᆸ', 'ᆼ', 'ㄸ', '!', '?', '…', ',', '.', "'", '-', 'SP', 'UNK'], 'model_dir': './logs/vi_speaker_789', 'pretrain_G': None, 'pretrain_D': None, 'pretrain_dur': None, 'port': 10000}
2026-06-15 09:12:01,110	vi_speaker_789	WARNING	/content/vits2-melo/melo is not a git repository, therefore hash value comparison will be ignored.
2026-06-15 09:12:06,951	vi_speaker_789	INFO	Loaded checkpoint './logs/vi_speaker_789/DUR_96000.pth' (iteration 54)
2026-06-15 09:12:10,274	vi_speaker_789	INFO	Loaded checkpoint './logs/vi_speaker_789/G_96000.pth' (iteration 54)
2026-06-15 09:12:12,676	vi_speaker_789	INFO	Loaded checkpoint './logs/vi_speaker_789/D_96000.pth' (iteration 54)
2026-06-15 09:17:42,797	vi_speaker_789	INFO	Train Epoch: 54 [8%]
2026-06-15 09:17:42,802	vi_speaker_789	INFO	[2.2215218544006348, 2.5634653568267822, 14.7874116897583, 17.819887161254883, 1.6685612201690674, 1.3389277458190918, 94800, 0.0002]
2026-06-15 09:49:59,877	vi_speaker_789	INFO	Train Epoch: 54 [75%]
2026-06-15 09:49:59,883	vi_speaker_789	INFO	[2.1500933170318604, 2.5857150554656982, 13.481056213378906, 15.435833930969238, 1.6581205129623413, 1.4708245992660522, 96000, 0.0002]
2026-06-15 09:57:40,192	vi_speaker_789	INFO	Saving model and optimizer state at iteration 54 to ./logs/vi_speaker_789/G_96000.pth
2026-06-15 09:58:41,201	vi_speaker_789	INFO	Saving model and optimizer state at iteration 54 to ./logs/vi_speaker_789/D_96000.pth
2026-06-15 09:59:42,705	vi_speaker_789	INFO	Saving model and optimizer state at iteration 54 to ./logs/vi_speaker_789/DUR_96000.pth
2026-06-15 10:04:54,688	vi_speaker_789	INFO	Train Epoch: 54 [86%]
2026-06-15 10:04:54,696	vi_speaker_789	INFO	[2.1765329837799072, 2.6705243587493896, 12.571856498718262, 15.683405876159668, 1.646078109741211, 1.4915974140167236, 96200, 0.0002]
2026-06-15 10:10:13,596	vi_speaker_789	INFO	Train Epoch: 54 [98%]
2026-06-15 10:10:13,604	vi_speaker_789	INFO	[2.2864582538604736, 2.479355573654175, 13.129396438598633, 14.665994644165039, 1.6676204204559326, 1.159653902053833, 96400, 0.0002]
2026-06-15 10:11:20,584	vi_speaker_789	INFO	====> Epoch: 54
2026-06-15 10:15:30,498	vi_speaker_789	INFO	Train Epoch: 55 [9%]
2026-06-15 10:15:30,499	vi_speaker_789	INFO	[2.1134204864501953, 2.9396162033081055, 16.800006866455078, 18.80306053161621, 1.6312470436096191, 1.5651040077209473, 96600, 0.000199975]
2026-06-15 10:20:43,865	vi_speaker_789	INFO	Train Epoch: 55 [20%]
2026-06-15 10:20:43,872	vi_speaker_789	INFO	[1.9091522693634033, 3.2702574729919434, 16.910308837890625, 17.860456466674805, 1.694624423980713, 1.340324878692627, 96800, 0.000199975]
2026-06-15 10:26:02,466	vi_speaker_789	INFO	Train Epoch: 55 [31%]
2026-06-15 10:26:02,471	vi_speaker_789	INFO	[2.0821614265441895, 2.8119125366210938, 16.586605072021484, 18.505943298339844, 1.6329615116119385, 1.6781457662582397, 97000, 0.000199975]
2026-06-15 10:31:25,023	vi_speaker_789	INFO	Train Epoch: 55 [42%]
2026-06-15 10:31:25,031	vi_speaker_789	INFO	[2.2185635566711426, 2.8702707290649414, 13.557330131530762, 17.405534744262695, 1.6525832414627075, 1.3986245393753052, 97200, 0.000199975]
2026-06-15 10:36:37,778	vi_speaker_789	INFO	Train Epoch: 55 [54%]
2026-06-15 10:36:37,782	vi_speaker_789	INFO	[2.074843406677246, 2.9228227138519287, 15.688218116760254, 17.58653450012207, 1.6483440399169922, 1.400501012802124, 97400, 0.000199975]
2026-06-15 10:41:54,953	vi_speaker_789	INFO	Train Epoch: 55 [65%]
2026-06-15 10:41:54,959	vi_speaker_789	INFO	[1.9490811824798584, 3.250605821609497, 17.910465240478516, 18.293752670288086, 1.688263177871704, 1.3642503023147583, 97600, 0.000199975]
2026-06-15 10:47:15,912	vi_speaker_789	INFO	Train Epoch: 55 [76%]
2026-06-15 10:47:15,914	vi_speaker_789	INFO	[1.9706997871398926, 3.1960678100585938, 17.240262985229492, 17.390724182128906, 1.6573553085327148, 1.6021058559417725, 97800, 0.000199975]
2026-06-15 10:52:28,757	vi_speaker_789	INFO	Train Epoch: 55 [87%]
2026-06-15 10:52:28,759	vi_speaker_789	INFO	[2.0991475582122803, 2.9322245121002197, 15.990569114685059, 18.040021896362305, 1.6041107177734375, 1.1258853673934937, 98000, 0.000199975]
2026-06-15 10:58:39,123	vi_speaker_789	INFO	Saving model and optimizer state at iteration 55 to ./logs/vi_speaker_789/G_98000.pth
2026-06-15 10:59:23,067	vi_speaker_789	INFO	Saving model and optimizer state at iteration 55 to ./logs/vi_speaker_789/D_98000.pth
2026-06-15 11:00:22,399	vi_speaker_789	INFO	Saving model and optimizer state at iteration 55 to ./logs/vi_speaker_789/DUR_98000.pth
2026-06-15 11:05:46,796	vi_speaker_789	INFO	Train Epoch: 55 [98%]
2026-06-15 11:05:46,799	vi_speaker_789	INFO	[1.9596679210662842, 2.7499938011169434, 15.758077621459961, 17.42545509338379, 1.612655520439148, 1.2714200019836426, 98200, 0.000199975]
2026-06-15 11:06:32,390	vi_speaker_789	INFO	====> Epoch: 55
2026-06-15 11:11:19,224	vi_speaker_789	INFO	Train Epoch: 56 [10%]
2026-06-15 11:11:19,230	vi_speaker_789	INFO	[2.3332345485687256, 2.6132864952087402, 12.900469779968262, 14.848845481872559, 1.6297860145568848, 1.509458303451538, 98400, 0.000199950003125]
2026-06-15 11:16:37,947	vi_speaker_789	INFO	Train Epoch: 56 [21%]
2026-06-15 11:16:37,950	vi_speaker_789	INFO	[2.083120822906494, 2.8936285972595215, 14.144733428955078, 17.327354431152344, 1.6662307977676392, 1.3498433828353882, 98600, 0.000199950003125]
2026-06-15 11:21:55,252	vi_speaker_789	INFO	Train Epoch: 56 [32%]
2026-06-15 11:21:55,257	vi_speaker_789	INFO	[2.149970054626465, 2.8919413089752197, 17.171329498291016, 18.993980407714844, 1.6104644536972046, 1.3007320165634155, 98800, 0.000199950003125]
2026-06-15 11:27:12,017	vi_speaker_789	INFO	Train Epoch: 56 [43%]
2026-06-15 11:27:12,022	vi_speaker_789	INFO	[2.060044288635254, 2.7240705490112305, 12.306890487670898, 13.959259033203125, 1.5904302597045898, 1.230027198791504, 99000, 0.000199950003125]
2026-06-15 11:32:33,332	vi_speaker_789	INFO	Train Epoch: 56 [54%]
2026-06-15 11:32:33,339	vi_speaker_789	INFO	[2.264751434326172, 2.5140788555145264, 11.877259254455566, 13.652913093566895, 1.6430498361587524, 1.2562681436538696, 99200, 0.000199950003125]
2026-06-15 11:37:50,281	vi_speaker_789	INFO	Train Epoch: 56 [66%]
2026-06-15 11:37:51,324	vi_speaker_789	INFO	[2.092803716659546, 3.0307095050811768, 14.378706932067871, 16.18556785583496, 1.5915415287017822, 1.4760032892227173, 99400, 0.000199950003125]
2026-06-15 11:43:09,019	vi_speaker_789	INFO	Train Epoch: 56 [77%]
2026-06-15 11:43:09,023	vi_speaker_789	INFO	[2.217999219894409, 2.5957069396972656, 13.865548133850098, 16.690597534179688, 1.6847505569458008, 1.6584011316299438, 99600, 0.000199950003125]
2026-06-15 11:48:30,395	vi_speaker_789	INFO	Train Epoch: 56 [88%]
2026-06-15 11:48:30,398	vi_speaker_789	INFO	[2.0964014530181885, 2.684459924697876, 14.123374938964844, 16.093610763549805, 1.6401857137680054, 1.69418466091156, 99800, 0.000199950003125]
2026-06-15 11:53:45,167	vi_speaker_789	INFO	Train Epoch: 56 [99%]
2026-06-15 11:53:45,173	vi_speaker_789	INFO	[2.296833038330078, 2.7247347831726074, 12.8689546585083, 14.410506248474121, 1.655259370803833, 1.3059700727462769, 100000, 0.000199950003125]
2026-06-15 11:58:57,693	vi_speaker_789	INFO	Saving model and optimizer state at iteration 56 to ./logs/vi_speaker_789/G_100000.pth
2026-06-15 11:59:52,819	vi_speaker_789	INFO	Saving model and optimizer state at iteration 56 to ./logs/vi_speaker_789/D_100000.pth
2026-06-15 12:01:04,534	vi_speaker_789	INFO	Saving model and optimizer state at iteration 56 to ./logs/vi_speaker_789/DUR_100000.pth
2026-06-15 12:01:09,030	vi_speaker_789	INFO	.. Free up space by deleting ckpt ./logs/vi_speaker_789/D_96000.pth
2026-06-15 12:01:32,417	vi_speaker_789	INFO	====> Epoch: 56
2026-06-15 12:06:33,232	vi_speaker_789	INFO	Train Epoch: 57 [10%]
2026-06-15 12:06:33,236	vi_speaker_789	INFO	[2.1444740295410156, 2.722872734069824, 15.583184242248535, 16.4310302734375, 1.6393985748291016, 1.4391586780548096, 100200, 0.00019992500937460937]
2026-06-15 12:11:49,738	vi_speaker_789	INFO	Train Epoch: 57 [22%]
2026-06-15 12:11:49,742	vi_speaker_789	INFO	[2.0335209369659424, 2.9084014892578125, 15.120115280151367, 17.43114471435547, 1.706477165222168, 1.3035783767700195, 100400, 0.00019992500937460937]
2026-06-15 12:17:00,263	vi_speaker_789	INFO	Train Epoch: 57 [33%]
2026-06-15 12:17:00,266	vi_speaker_789	INFO	[2.116204023361206, 2.692030191421509, 15.670478820800781, 17.649463653564453, 1.6050541400909424, 1.2681454420089722, 100600, 0.00019992500937460937]
2026-06-15 12:22:14,838	vi_speaker_789	INFO	Train Epoch: 57 [44%]
2026-06-15 12:22:14,840	vi_speaker_789	INFO	[2.1240015029907227, 2.997429132461548, 15.76694107055664, 17.055627822875977, 1.646270751953125, 1.3019168376922607, 100800, 0.00019992500937460937]
2026-06-15 12:27:31,627	vi_speaker_789	INFO	Train Epoch: 57 [55%]
2026-06-15 12:27:31,636	vi_speaker_789	INFO	[2.361375093460083, 2.761732578277588, 13.8131742477417, 15.47978687286377, 1.5851191282272339, 1.226682186126709, 101000, 0.00019992500937460937]
2026-06-15 12:32:44,492	vi_speaker_789	INFO	Train Epoch: 57 [66%]
2026-06-15 12:32:44,497	vi_speaker_789	INFO	[2.124455451965332, 2.8692362308502197, 15.324225425720215, 16.75418472290039, 1.7095084190368652, 1.5086616277694702, 101200, 0.00019992500937460937]
2026-06-15 12:37:56,111	vi_speaker_789	INFO	Train Epoch: 57 [77%]
2026-06-15 12:37:56,113	vi_speaker_789	INFO	[1.9835904836654663, 2.941929817199707, 16.818342208862305, 17.357568740844727, 1.6152288913726807, 1.0591058731079102, 101400, 0.00019992500937460937]
2026-06-15 12:43:05,793	vi_speaker_789	INFO	Train Epoch: 57 [89%]
2026-06-15 12:43:05,798	vi_speaker_789	INFO	[2.2024052143096924, 2.832857608795166, 17.467689514160156, 18.421661376953125, 1.61126708984375, 0.9211550951004028, 101600, 0.00019992500937460937]
2026-06-15 12:48:18,815	vi_speaker_789	INFO	Train Epoch: 57 [100%]
2026-06-15 12:48:18,818	vi_speaker_789	INFO	[2.0929572582244873, 2.9141530990600586, 14.534043312072754, 15.80299186706543, 1.5914514064788818, 1.5274062156677246, 101800, 0.00019992500937460937]
2026-06-15 12:48:21,009	vi_speaker_789	INFO	====> Epoch: 57
2026-06-15 12:53:36,671	vi_speaker_789	INFO	Train Epoch: 58 [11%]
2026-06-15 12:53:36,677	vi_speaker_789	INFO	[2.0895276069641113, 3.131801128387451, 16.697887420654297, 19.034704208374023, 1.635170817375183, 1.5784547328948975, 102000, 0.00019990001874843754]
2026-06-15 12:58:36,205	vi_speaker_789	INFO	Saving model and optimizer state at iteration 58 to ./logs/vi_speaker_789/G_102000.pth
2026-06-15 12:59:29,291	vi_speaker_789	INFO	Saving model and optimizer state at iteration 58 to ./logs/vi_speaker_789/D_102000.pth
2026-06-15 13:00:28,548	vi_speaker_789	INFO	Saving model and optimizer state at iteration 58 to ./logs/vi_speaker_789/DUR_102000.pth
2026-06-15 13:00:28,570	vi_speaker_789	INFO	.. Free up space by deleting ckpt ./logs/vi_speaker_789/DUR_96000.pth
2026-06-15 13:00:28,572	vi_speaker_789	INFO	.. Free up space by deleting ckpt ./logs/vi_speaker_789/D_98000.pth
2026-06-15 13:05:41,495	vi_speaker_789	INFO	Train Epoch: 58 [22%]
2026-06-15 13:05:41,499	vi_speaker_789	INFO	[2.027186393737793, 2.886899709701538, 16.34539031982422, 19.34981346130371, 1.733107328414917, 1.6848092079162598, 102200, 0.00019990001874843754]
2026-06-15 13:10:53,384	vi_speaker_789	INFO	Train Epoch: 58 [33%]
2026-06-15 13:10:53,386	vi_speaker_789	INFO	[1.9507675170898438, 3.076383590698242, 16.88302993774414, 17.99605941772461, 1.6384974718093872, 1.5236544609069824, 102400, 0.00019990001874843754]
2026-06-15 13:16:07,283	vi_speaker_789	INFO	Train Epoch: 58 [45%]
2026-06-15 13:16:07,284	vi_speaker_789	INFO	[2.050130844116211, 2.669733762741089, 14.962389945983887, 16.881013870239258, 1.587662696838379, 1.5212353467941284, 102600, 0.00019990001874843754]
2026-06-15 13:21:19,518	vi_speaker_789	INFO	Train Epoch: 58 [56%]
2026-06-15 13:21:19,519	vi_speaker_789	INFO	[2.3101227283477783, 2.73215913772583, 12.524398803710938, 14.542848587036133, 1.5909347534179688, 1.067879319190979, 102800, 0.00019990001874843754]
2026-06-15 13:26:30,985	vi_speaker_789	INFO	Train Epoch: 58 [67%]
2026-06-15 13:26:30,987	vi_speaker_789	INFO	[1.898459553718567, 3.0259337425231934, 16.628814697265625, 17.320030212402344, 1.5849295854568481, 1.357106328010559, 103000, 0.00019990001874843754]
2026-06-15 13:31:45,897	vi_speaker_789	INFO	Train Epoch: 58 [78%]
2026-06-15 13:31:45,899	vi_speaker_789	INFO	[1.9485688209533691, 2.8532607555389404, 16.94162368774414, 18.50497055053711, 1.5813153982162476, 1.1443305015563965, 103200, 0.00019990001874843754]
2026-06-15 13:36:58,204	vi_speaker_789	INFO	Train Epoch: 58 [89%]
2026-06-15 13:36:58,207	vi_speaker_789	INFO	[2.184431552886963, 2.571183919906616, 13.552766799926758, 15.5105619430542, 1.6467795372009277, 1.4812508821487427, 103400, 0.00019990001874843754]
2026-06-15 13:41:51,309	vi_speaker_789	INFO	====> Epoch: 58
2026-06-15 13:42:16,311	vi_speaker_789	INFO	Train Epoch: 59 [1%]
2026-06-15 13:42:16,319	vi_speaker_789	INFO	[2.1258583068847656, 3.045264959335327, 14.964373588562012, 17.107358932495117, 1.6003334522247314, 1.2376611232757568, 103600, 0.00019987503124609398]
2026-06-15 13:47:32,625	vi_speaker_789	INFO	Train Epoch: 59 [12%]
2026-06-15 13:47:32,633	vi_speaker_789	INFO	[2.159583568572998, 2.685581684112549, 13.332612991333008, 15.487156867980957, 1.6122289896011353, 1.165236234664917, 103800, 0.00019987503124609398]
2026-06-15 13:52:44,801	vi_speaker_789	INFO	Train Epoch: 59 [23%]
2026-06-15 13:52:44,803	vi_speaker_789	INFO	[2.1718170642852783, 2.522158622741699, 11.966517448425293, 15.221914291381836, 1.6191438436508179, 1.374152421951294, 104000, 0.00019987503124609398]
2026-06-15 13:57:51,099	vi_speaker_789	INFO	Saving model and optimizer state at iteration 59 to ./logs/vi_speaker_789/G_104000.pth
2026-06-15 13:58:52,945	vi_speaker_789	INFO	Saving model and optimizer state at iteration 59 to ./logs/vi_speaker_789/D_104000.pth
2026-06-15 14:00:23,233	vi_speaker_789	INFO	Saving model and optimizer state at iteration 59 to ./logs/vi_speaker_789/DUR_104000.pth
2026-06-15 14:16:44,682	vi_speaker_789	INFO	{'train': {'log_interval': 200, 'eval_interval': 2000, 'seed': 52, 'epochs': 10000, 'learning_rate': 0.0002, 'betas': [0.8, 0.99], 'eps': 1e-09, 'batch_size': 8, 'fp16_run': False, 'lr_decay': 0.999875, 'segment_size': 16384, 'init_lr_ratio': 1, 'warmup_epochs': 0, 'c_mel': 45, 'c_kl': 1.0, 'skip_optimizer': True, 'device': 'cuda:0'}, 'data': {'training_files': '/content/vits2-melo/melo/data/vi_speaker_44100_789/train.list', 'validation_files': '/content/vits2-melo/melo/data/vi_speaker_44100_789/val.list', 'max_wav_value': 32768.0, 'sampling_rate': 44100, 'filter_length': 2048, 'hop_length': 512, 'win_length': 2048, 'n_mel_channels': 128, 'mel_fmin': 0.0, 'mel_fmax': None, 'add_blank': True, 'n_speakers': 256, 'cleaned_text': True, 'spk2id': {'VI-default': 0}}, 'model': {'use_spk_conditioned_encoder': True, 'use_noise_scaled_mas': True, 'use_mel_posterior_encoder': False, 'use_duration_discriminator': True, 'inter_channels': 192, 'hidden_channels': 192, 'filter_channels': 768, 'n_heads': 2, 'n_layers': 6, 'n_layers_trans_flow': 3, 'kernel_size': 3, 'p_dropout': 0.1, 'resblock': '1', 'resblock_kernel_sizes': [3, 7, 11], 'resblock_dilation_sizes': [[1, 3, 5], [1, 3, 5], [1, 3, 5]], 'upsample_rates': [8, 8, 2, 2, 2], 'upsample_initial_channel': 512, 'upsample_kernel_sizes': [16, 16, 8, 2, 2], 'n_layers_q': 3, 'use_spectral_norm': False, 'gin_channels': 256}, 'device': 'cuda:0', 'num_languages': 10, 'num_tones': 24, 'symbols': ['_', '"', '(', ')', '*', '/', ':', 'AA', 'E', 'EE', 'En', 'N', 'OO', 'Q', 'V', '[', '\\', ']', '^', 'a', 'a:', 'aa', 'ae', 'ah', 'ai', 'an', 'ang', 'ao', 'aw', 'ay', 'b', 'by', 'c', 'ch', 'd', 'dh', 'dy', 'e', 'e:', 'eh', 'ei', 'en', 'eng', 'er', 'ey', 'f', 'g', 'gy', 'h', 'hh', 'hy', 'i', 'i0', 'i:', 'ia', 'ian', 'iang', 'iao', 'ie', 'ih', 'in', 'ing', 'iong', 'ir', 'iu', 'iy', 'j', 'jh', 'k', 'ky', 'l', 'm', 'my', 'n', 'ng', 'ny', 'o', 'o:', 'ong', 'ou', 'ow', 'oy', 'p', 'py', 'q', 'r', 'ry', 's', 'sh', 't', 'th', 'ts', 'ty', 'u', 'u:', 'ua', 'uai', 'uan', 'uang', 'uh', 'ui', 'un', 'uo', 'uw', 'v', 'van', 've', 'vn', 'w', 'x', 'y', 'z', 'zh', 'zy', '~', '¡', '¿', 'æ', 'ç', 'ð', 'ø', 'ŋ', 'œ', 'ɐ', 'ɑ', 'ɒ', 'ɔ', 'ɕ', 'ə', 'ɛ', 'ɜ', 'ɡ', 'ɣ', 'ɥ', 'ɦ', 'ɪ', 'ɫ', 'ɬ', 'ɭ', 'ɯ', 'ɲ', 'ɵ', 'ɸ', 'ɹ', 'ɾ', 'ʁ', 'ʃ', 'ʊ', 'ʌ', 'ʎ', 'ʏ', 'ʑ', 'ʒ', 'ʝ', 'ʲ', 'ˈ', 'ˌ', 'ː', '̃', '̩', 'β', 'θ', 'ᄀ', 'k͡p', 'ˈa', 'ɤ', 'ˈɛ', 'ˈi', 'ă', 'ˈe', 'ʔ', 'ŋ͡m', 'tʰ', 'ɤ̆', 'ᄌ', 'ᄍ', 'ᄎ', 'ᄏ', 'ᄐ', 'ᄑ', 'ᄒ', 'ᅡ', 'ᅢ', 'ᅣ', 'ᅤ', 'ᅥ', 'ᅦ', 'ᅧ', 'ᅨ', 'ᅩ', 'ᅪ', 'ᅫ', 'ᅬ', 'ᅭ', 'ᅮ', 'ᅯ', 'ᅰ', 'ᅱ', 'ᅲ', 'ᅳ', 'ᅴ', 'ᅵ', 'ᆨ', 'ᆫ', 'ᆮ', 'ᆯ', 'ᆷ', 'ᆸ', 'ᆼ', 'ㄸ', '!', '?', '…', ',', '.', "'", '-', 'SP', 'UNK'], 'model_dir': './logs/vi_speaker_789', 'pretrain_G': None, 'pretrain_D': None, 'pretrain_dur': None, 'port': 10000}
2026-06-15 14:16:44,687	vi_speaker_789	WARNING	/content/vits2-melo/melo is not a git repository, therefore hash value comparison will be ignored.
2026-06-15 14:16:49,812	vi_speaker_789	INFO	Loaded checkpoint './logs/vi_speaker_789/DUR_104000.pth' (iteration 59)
2026-06-15 14:16:52,876	vi_speaker_789	INFO	Loaded checkpoint './logs/vi_speaker_789/G_104000.pth' (iteration 59)
2026-06-15 14:16:55,108	vi_speaker_789	INFO	Loaded checkpoint './logs/vi_speaker_789/D_104000.pth' (iteration 59)
2026-06-15 14:17:54,730	vi_speaker_789	INFO	Train Epoch: 59 [1%]
2026-06-15 14:17:54,734	vi_speaker_789	INFO	[2.0876457691192627, 2.8663222789764404, 13.710036277770996, 15.54962158203125, 1.6370253562927246, 1.2059801816940308, 103600, 0.0002]
2026-06-15 14:24:16,983	vi_speaker_789	INFO	Train Epoch: 59 [12%]
2026-06-15 14:24:16,987	vi_speaker_789	INFO	[2.157540798187256, 2.674161672592163, 14.38897705078125, 16.69879150390625, 1.5596473217010498, 1.141919493675232, 103800, 0.0002]
2026-06-15 14:29:49,434	vi_speaker_789	INFO	Train Epoch: 59 [23%]
2026-06-15 14:29:49,439	vi_speaker_789	INFO	[2.2032971382141113, 2.9182746410369873, 14.516392707824707, 17.351470947265625, 1.6150877475738525, 1.1230875253677368, 104000, 0.0002]
2026-06-15 14:37:15,944	vi_speaker_789	INFO	Saving model and optimizer state at iteration 59 to ./logs/vi_speaker_789/G_104000.pth
2026-06-15 14:38:30,103	vi_speaker_789	INFO	Saving model and optimizer state at iteration 59 to ./logs/vi_speaker_789/D_104000.pth
2026-06-15 14:39:33,531	vi_speaker_789	INFO	Saving model and optimizer state at iteration 59 to ./logs/vi_speaker_789/DUR_104000.pth
2026-06-15 14:44:57,139	vi_speaker_789	INFO	Train Epoch: 59 [34%]
2026-06-15 14:44:57,144	vi_speaker_789	INFO	[2.2519922256469727, 2.5647716522216797, 13.333102226257324, 15.8688325881958, 1.6726213693618774, 1.276317834854126, 104200, 0.0002]
2026-06-15 14:50:27,203	vi_speaker_789	INFO	Train Epoch: 59 [45%]
2026-06-15 14:50:27,207	vi_speaker_789	INFO	[2.1326639652252197, 2.780261754989624, 14.794219017028809, 18.042917251586914, 1.6180603504180908, 1.3860682249069214, 104400, 0.0002]
2026-06-15 14:55:50,987	vi_speaker_789	INFO	Train Epoch: 59 [57%]
2026-06-15 14:55:50,994	vi_speaker_789	INFO	[2.303971290588379, 2.5729146003723145, 11.759540557861328, 15.048476219177246, 1.5906870365142822, 1.3766067028045654, 104600, 0.0002]
2026-06-15 15:01:20,936	vi_speaker_789	INFO	Train Epoch: 59 [68%]
2026-06-15 15:01:20,944	vi_speaker_789	INFO	[2.0753684043884277, 2.976062774658203, 15.652374267578125, 16.30849266052246, 1.6601155996322632, 1.4329670667648315, 104800, 0.0002]
2026-06-15 15:06:39,662	vi_speaker_789	INFO	Train Epoch: 59 [79%]
2026-06-15 15:06:39,667	vi_speaker_789	INFO	[2.0476582050323486, 2.7509734630584717, 14.857111930847168, 16.871021270751953, 1.5995216369628906, 1.2290815114974976, 105000, 0.0002]
2026-06-15 15:11:50,884	vi_speaker_789	INFO	Train Epoch: 59 [90%]
2026-06-15 15:11:51,029	vi_speaker_789	INFO	[2.261834144592285, 2.8360073566436768, 13.501067161560059, 17.254762649536133, 1.5836050510406494, 1.2987920045852661, 105200, 0.0002]
2026-06-15 15:16:19,007	vi_speaker_789	INFO	====> Epoch: 59
2026-06-15 15:17:04,765	vi_speaker_789	INFO	Train Epoch: 60 [1%]
2026-06-15 15:17:04,770	vi_speaker_789	INFO	[2.0740299224853516, 2.752146005630493, 13.99885368347168, 16.80379295349121, 1.6652538776397705, 1.1569187641143799, 105400, 0.000199975]
2026-06-15 15:22:10,078	vi_speaker_789	INFO	Train Epoch: 60 [13%]
2026-06-15 15:22:10,083	vi_speaker_789	INFO	[1.8610106706619263, 3.1265792846679688, 17.973793029785156, 18.979976654052734, 1.6349778175354004, 1.3588932752609253, 105600, 0.000199975]
2026-06-15 15:27:17,554	vi_speaker_789	INFO	Train Epoch: 60 [24%]
2026-06-15 15:27:17,556	vi_speaker_789	INFO	[2.326630115509033, 2.5304393768310547, 11.351889610290527, 13.55422306060791, 1.6102169752120972, 1.0356065034866333, 105800, 0.000199975]
2026-06-15 15:32:24,019	vi_speaker_789	INFO	Train Epoch: 60 [35%]
2026-06-15 15:32:24,024	vi_speaker_789	INFO	[2.308943748474121, 2.559478282928467, 12.234560012817383, 16.774282455444336, 1.6684446334838867, 1.3469130992889404, 106000, 0.000199975]
2026-06-15 15:38:44,636	vi_speaker_789	INFO	Saving model and optimizer state at iteration 60 to ./logs/vi_speaker_789/G_106000.pth
2026-06-15 15:39:39,205	vi_speaker_789	INFO	Saving model and optimizer state at iteration 60 to ./logs/vi_speaker_789/D_106000.pth
2026-06-15 15:40:39,171	vi_speaker_789	INFO	Saving model and optimizer state at iteration 60 to ./logs/vi_speaker_789/DUR_106000.pth
2026-06-15 15:45:40,420	vi_speaker_789	INFO	Train Epoch: 60 [46%]
2026-06-15 15:45:40,423	vi_speaker_789	INFO	[2.083644151687622, 2.6871886253356934, 13.217645645141602, 16.708974838256836, 1.585661768913269, 1.4869154691696167, 106200, 0.000199975]
2026-06-15 15:50:49,502	vi_speaker_789	INFO	Train Epoch: 60 [57%]
2026-06-15 15:50:49,503	vi_speaker_789	INFO	[2.1617064476013184, 2.676819086074829, 13.044161796569824, 16.434011459350586, 1.6389305591583252, 1.1967393159866333, 106400, 0.000199975]
2026-06-15 15:56:02,367	vi_speaker_789	INFO	Train Epoch: 60 [69%]
2026-06-15 15:56:02,372	vi_speaker_789	INFO	[2.082258701324463, 2.8383302688598633, 14.947848320007324, 16.9327335357666, 1.5860744714736938, 1.5133061408996582, 106600, 0.000199975]
2026-06-15 16:01:10,331	vi_speaker_789	INFO	Train Epoch: 60 [80%]
2026-06-15 16:01:10,338	vi_speaker_789	INFO	[1.9433343410491943, 3.037715196609497, 16.855985641479492, 17.62120246887207, 1.6146786212921143, 1.468642234802246, 106800, 0.000199975]
2026-06-15 16:06:15,113	vi_speaker_789	INFO	Train Epoch: 60 [91%]
2026-06-15 16:06:15,121	vi_speaker_789	INFO	[2.073593854904175, 2.9700982570648193, 14.25644588470459, 17.2148494720459, 1.6248188018798828, 1.2511996030807495, 107000, 0.000199975]
2026-06-15 16:10:19,622	vi_speaker_789	INFO	====> Epoch: 60
2026-06-15 16:11:33,269	vi_speaker_789	INFO	Train Epoch: 61 [2%]
2026-06-15 16:11:33,273	vi_speaker_789	INFO	[2.297243118286133, 2.539454460144043, 11.69046688079834, 14.510311126708984, 1.5755494832992554, 1.285019874572754, 107200, 0.000199950003125]
2026-06-15 16:16:40,941	vi_speaker_789	INFO	Train Epoch: 61 [13%]
2026-06-15 16:16:40,946	vi_speaker_789	INFO	[2.021998643875122, 2.9283392429351807, 15.691536903381348, 16.865821838378906, 1.592730164527893, 1.2986233234405518, 107400, 0.000199950003125]
2026-06-15 16:21:45,226	vi_speaker_789	INFO	Train Epoch: 61 [25%]
2026-06-15 16:21:45,233	vi_speaker_789	INFO	[2.0853662490844727, 2.7307841777801514, 15.912272453308105, 16.107364654541016, 1.6362117528915405, 1.0853383541107178, 107600, 0.000199950003125]
2026-06-15 16:27:00,979	vi_speaker_789	INFO	Train Epoch: 61 [36%]
2026-06-15 16:27:00,982	vi_speaker_789	INFO	[2.2302932739257812, 2.5952491760253906, 13.709491729736328, 16.432514190673828, 1.6205840110778809, 1.150932788848877, 107800, 0.000199950003125]
2026-06-15 16:32:17,598	vi_speaker_789	INFO	Train Epoch: 61 [47%]
2026-06-15 16:32:17,600	vi_speaker_789	INFO	[2.1186163425445557, 2.826575756072998, 14.764554023742676, 18.77861785888672, 1.6052184104919434, 1.248494267463684, 108000, 0.000199950003125]
2026-06-15 16:37:27,271	vi_speaker_789	INFO	Saving model and optimizer state at iteration 61 to ./logs/vi_speaker_789/G_108000.pth
2026-06-15 16:38:32,962	vi_speaker_789	INFO	Saving model and optimizer state at iteration 61 to ./logs/vi_speaker_789/D_108000.pth
2026-06-15 16:39:34,332	vi_speaker_789	INFO	Saving model and optimizer state at iteration 61 to ./logs/vi_speaker_789/DUR_108000.pth
2026-06-15 16:39:34,398	vi_speaker_789	INFO	.. Free up space by deleting ckpt ./logs/vi_speaker_789/D_104000.pth
2026-06-15 16:44:52,616	vi_speaker_789	INFO	Train Epoch: 61 [58%]
2026-06-15 16:44:52,620	vi_speaker_789	INFO	[2.118680953979492, 2.85524845123291, 15.407726287841797, 17.006563186645508, 1.5899059772491455, 1.4035776853561401, 108200, 0.000199950003125]
2026-06-15 16:50:11,659	vi_speaker_789	INFO	Train Epoch: 61 [69%]
2026-06-15 16:50:11,661	vi_speaker_789	INFO	[2.103289842605591, 2.9992403984069824, 14.202710151672363, 16.153396606445312, 1.60923171043396, 1.2474303245544434, 108400, 0.000199950003125]
2026-06-15 16:55:30,940	vi_speaker_789	INFO	Train Epoch: 61 [81%]
2026-06-15 16:55:30,943	vi_speaker_789	INFO	[2.469437837600708, 2.259666681289673, 8.934921264648438, 12.949045181274414, 1.647352933883667, 1.3686574697494507, 108600, 0.000199950003125]
2026-06-15 17:00:48,557	vi_speaker_789	INFO	Train Epoch: 61 [92%]
2026-06-15 17:00:48,564	vi_speaker_789	INFO	[2.419890880584717, 2.549541473388672, 14.622174263000488, 16.553014755249023, 1.621275544166565, 1.2837951183319092, 108800, 0.000199950003125]
2026-06-15 17:04:39,670	vi_speaker_789	INFO	====> Epoch: 61
2026-06-15 17:06:11,467	vi_speaker_789	INFO	Train Epoch: 62 [3%]
2026-06-15 17:06:11,469	vi_speaker_789	INFO	[2.117769479751587, 2.8643062114715576, 13.80852222442627, 17.326589584350586, 1.5599279403686523, 1.2428908348083496, 109000, 0.00019992500937460937]
2026-06-15 17:11:29,327	vi_speaker_789	INFO	Train Epoch: 62 [14%]
2026-06-15 17:11:29,331	vi_speaker_789	INFO	[2.3891754150390625, 2.373537540435791, 10.826800346374512, 13.681900024414062, 1.594991683959961, 1.3452385663986206, 109200, 0.00019992500937460937]
2026-06-15 17:16:48,848	vi_speaker_789	INFO	Train Epoch: 62 [25%]
2026-06-15 17:16:48,853	vi_speaker_789	INFO	[1.9426484107971191, 2.9230763912200928, 15.268613815307617, 17.871536254882812, 1.6009997129440308, 1.4218465089797974, 109400, 0.00019992500937460937]
2026-06-15 17:22:05,505	vi_speaker_789	INFO	Train Epoch: 62 [37%]
2026-06-15 17:22:05,513	vi_speaker_789	INFO	[1.929983139038086, 3.063728094100952, 17.292152404785156, 18.201467514038086, 1.5753744840621948, 1.2412482500076294, 109600, 0.00019992500937460937]
2026-06-15 17:27:22,947	vi_speaker_789	INFO	Train Epoch: 62 [48%]
2026-06-15 17:27:22,952	vi_speaker_789	INFO	[2.1573407649993896, 2.7790451049804688, 16.003719329833984, 18.561399459838867, 1.6661334037780762, 1.2227108478546143, 109800, 0.00019992500937460937]
2026-06-15 17:32:45,422	vi_speaker_789	INFO	Train Epoch: 62 [59%]
2026-06-15 17:32:45,427	vi_speaker_789	INFO	[2.334371566772461, 2.251577854156494, 11.507546424865723, 13.14162540435791, 1.5693506002426147, 1.2773902416229248, 110000, 0.00019992500937460937]
2026-06-15 17:37:41,006	vi_speaker_789	INFO	Saving model and optimizer state at iteration 62 to ./logs/vi_speaker_789/G_110000.pth
2026-06-15 17:38:44,431	vi_speaker_789	INFO	Saving model and optimizer state at iteration 62 to ./logs/vi_speaker_789/D_110000.pth
2026-06-15 17:39:49,957	vi_speaker_789	INFO	Saving model and optimizer state at iteration 62 to ./logs/vi_speaker_789/DUR_110000.pth
2026-06-15 17:39:50,006	vi_speaker_789	INFO	.. Free up space by deleting ckpt ./logs/vi_speaker_789/DUR_104000.pth
2026-06-15 17:39:50,008	vi_speaker_789	INFO	.. Free up space by deleting ckpt ./logs/vi_speaker_789/D_106000.pth
2026-06-15 17:45:08,684	vi_speaker_789	INFO	Train Epoch: 62 [70%]
2026-06-15 17:45:08,685	vi_speaker_789	INFO	[1.915695309638977, 3.0395736694335938, 15.947848320007324, 18.748998641967773, 1.5785858631134033, 0.974798858165741, 110200, 0.00019992500937460937]
2026-06-15 17:50:28,466	vi_speaker_789	INFO	Train Epoch: 62 [81%]
2026-06-15 17:50:28,852	vi_speaker_789	INFO	[1.8579179048538208, 3.0077762603759766, 15.718831062316895, 16.823196411132812, 1.6236599683761597, 1.7606782913208008, 110400, 0.00019992500937460937]
2026-06-15 17:55:46,798	vi_speaker_789	INFO	Train Epoch: 62 [93%]
2026-06-15 17:55:46,803	vi_speaker_789	INFO	[2.085975170135498, 2.808396339416504, 14.518634796142578, 15.003868103027344, 1.6506441831588745, 1.1001609563827515, 110600, 0.00019992500937460937]
2026-06-15 17:59:19,610	vi_speaker_789	INFO	====> Epoch: 62
2026-06-15 18:01:16,630	vi_speaker_789	INFO	Train Epoch: 63 [4%]
2026-06-15 18:01:16,634	vi_speaker_789	INFO	[2.1153712272644043, 2.941436767578125, 16.515300750732422, 18.083423614501953, 1.6136174201965332, 1.460547685623169, 110800, 0.00019990001874843754]
2026-06-15 18:06:41,264	vi_speaker_789	INFO	Train Epoch: 63 [15%]
2026-06-15 18:06:41,269	vi_speaker_789	INFO	[1.8586595058441162, 3.099454641342163, 16.96991729736328, 18.2780818939209, 1.5923004150390625, 1.2669267654418945, 111000, 0.00019990001874843754]
2026-06-15 18:12:04,538	vi_speaker_789	INFO	Train Epoch: 63 [26%]
2026-06-15 18:12:04,546	vi_speaker_789	INFO	[2.0350701808929443, 2.877295970916748, 16.2788028717041, 17.94720458984375, 1.6415071487426758, 1.2861601114273071, 111200, 0.00019990001874843754]
2026-06-15 18:17:24,787	vi_speaker_789	INFO	Train Epoch: 63 [37%]
2026-06-15 18:17:24,789	vi_speaker_789	INFO	[2.195793390274048, 2.676206588745117, 14.347474098205566, 17.245845794677734, 1.621281623840332, 1.189201831817627, 111400, 0.00019990001874843754]
2026-06-15 18:22:43,929	vi_speaker_789	INFO	Train Epoch: 63 [49%]
2026-06-15 18:22:43,933	vi_speaker_789	INFO	[1.889925479888916, 3.011579751968384, 15.293330192565918, 16.894607543945312, 1.6361445188522339, 1.3993786573410034, 111600, 0.00019990001874843754]
2026-06-15 18:28:00,595	vi_speaker_789	INFO	Train Epoch: 63 [60%]
2026-06-15 18:28:00,597	vi_speaker_789	INFO	[2.0548224449157715, 2.8736326694488525, 16.70415687561035, 19.476442337036133, 1.6176356077194214, 1.052110195159912, 111800, 0.00019990001874843754]
2026-06-15 18:33:18,608	vi_speaker_789	INFO	Train Epoch: 63 [71%]
2026-06-15 18:33:18,613	vi_speaker_789	INFO	[2.133021116256714, 2.7961981296539307, 14.619911193847656, 16.979141235351562, 1.6110012531280518, 1.2438932657241821, 112000, 0.00019990001874843754]
2026-06-15 18:39:08,496	vi_speaker_789	INFO	Saving model and optimizer state at iteration 63 to ./logs/vi_speaker_789/G_112000.pth
2026-06-15 18:40:13,298	vi_speaker_789	INFO	Saving model and optimizer state at iteration 63 to ./logs/vi_speaker_789/D_112000.pth
2026-06-15 18:41:18,559	vi_speaker_789	INFO	Saving model and optimizer state at iteration 63 to ./logs/vi_speaker_789/DUR_112000.pth
2026-06-15 18:41:22,134	vi_speaker_789	INFO	.. Free up space by deleting ckpt ./logs/vi_speaker_789/DUR_106000.pth
2026-06-15 18:41:22,142	vi_speaker_789	INFO	.. Free up space by deleting ckpt ./logs/vi_speaker_789/D_108000.pth
2026-06-15 18:46:41,006	vi_speaker_789	INFO	Train Epoch: 63 [82%]
2026-06-15 18:46:41,010	vi_speaker_789	INFO	[2.086733341217041, 2.719567060470581, 14.9074068069458, 16.2280216217041, 1.65877103805542, 1.3022624254226685, 112200, 0.00019990001874843754]
2026-06-15 18:52:02,898	vi_speaker_789	INFO	Train Epoch: 63 [93%]
2026-06-15 18:52:02,902	vi_speaker_789	INFO	[1.9522346258163452, 2.8651483058929443, 14.452078819274902, 14.778444290161133, 1.7107446193695068, 1.0097757577896118, 112400, 0.00019990001874843754]
2026-06-15 18:55:10,156	vi_speaker_789	INFO	====> Epoch: 63
2026-06-15 18:57:27,820	vi_speaker_789	INFO	Train Epoch: 64 [5%]
2026-06-15 18:57:27,824	vi_speaker_789	INFO	[2.1431424617767334, 2.6851894855499268, 15.288021087646484, 16.869266510009766, 1.715927243232727, 1.419418454170227, 112600, 0.00019987503124609398]
2026-06-15 19:02:44,050	vi_speaker_789	INFO	Train Epoch: 64 [16%]
2026-06-15 19:02:44,052	vi_speaker_789	INFO	[2.115915298461914, 2.8464248180389404, 14.063154220581055, 15.276473045349121, 1.6932809352874756, 1.355754017829895, 112800, 0.00019987503124609398]
2026-06-15 19:08:03,163	vi_speaker_789	INFO	Train Epoch: 64 [27%]
2026-06-15 19:08:03,168	vi_speaker_789	INFO	[2.1340959072113037, 2.655278205871582, 13.864964485168457, 15.655220985412598, 1.7117201089859009, 0.9547539949417114, 113000, 0.00019987503124609398]
2026-06-15 19:13:21,826	vi_speaker_789	INFO	Train Epoch: 64 [38%]
2026-06-15 19:13:21,830	vi_speaker_789	INFO	[2.0249288082122803, 2.8786396980285645, 15.962179183959961, 16.40522003173828, 1.6423434019088745, 1.4297255277633667, 113200, 0.00019987503124609398]
2026-06-15 19:18:40,305	vi_speaker_789	INFO	Train Epoch: 64 [49%]
2026-06-15 19:18:40,307	vi_speaker_789	INFO	[2.374070167541504, 2.452293634414673, 10.231786727905273, 13.64841079711914, 1.5946687459945679, 1.4075087308883667, 113400, 0.00019987503124609398]
2026-06-15 19:24:00,870	vi_speaker_789	INFO	Train Epoch: 64 [61%]
2026-06-15 19:24:00,874	vi_speaker_789	INFO	[2.070708751678467, 3.09093976020813, 14.74456787109375, 17.081968307495117, 1.5915440320968628, 1.2648942470550537, 113600, 0.00019987503124609398]
2026-06-15 19:29:16,534	vi_speaker_789	INFO	Train Epoch: 64 [72%]
2026-06-15 19:29:16,539	vi_speaker_789	INFO	[2.040494441986084, 2.7003860473632812, 13.910953521728516, 17.326269149780273, 1.6388449668884277, 1.128644347190857, 113800, 0.00019987503124609398]
2026-06-15 19:34:37,342	vi_speaker_789	INFO	Train Epoch: 64 [83%]
2026-06-15 19:34:37,345	vi_speaker_789	INFO	[2.240680456161499, 2.5883333683013916, 9.886326789855957, 12.953900337219238, 1.6262116432189941, 1.0522454977035522, 114000, 0.00019987503124609398]
2026-06-15 19:39:55,399	vi_speaker_789	INFO	Saving model and optimizer state at iteration 64 to ./logs/vi_speaker_789/G_114000.pth
2026-06-15 19:40:58,186	vi_speaker_789	INFO	Saving model and optimizer state at iteration 64 to ./logs/vi_speaker_789/D_114000.pth
2026-06-15 19:42:03,702	vi_speaker_789	INFO	Saving model and optimizer state at iteration 64 to ./logs/vi_speaker_789/DUR_114000.pth
2026-06-15 19:42:03,745	vi_speaker_789	INFO	.. Free up space by deleting ckpt ./logs/vi_speaker_789/G_104000.pth
2026-06-15 19:42:03,746	vi_speaker_789	INFO	.. Free up space by deleting ckpt ./logs/vi_speaker_789/DUR_108000.pth
2026-06-15 19:42:03,761	vi_speaker_789	INFO	.. Free up space by deleting ckpt ./logs/vi_speaker_789/D_110000.pth
2026-06-16 01:02:52,201	vi_speaker_789	INFO	{'train': {'log_interval': 200, 'eval_interval': 2000, 'seed': 52, 'epochs': 10000, 'learning_rate': 0.0002, 'betas': [0.8, 0.99], 'eps': 1e-09, 'batch_size': 8, 'fp16_run': False, 'lr_decay': 0.999875, 'segment_size': 16384, 'init_lr_ratio': 1, 'warmup_epochs': 0, 'c_mel': 45, 'c_kl': 1.0, 'skip_optimizer': True, 'device': 'cuda:0'}, 'data': {'training_files': '/content/vits2-melo/melo/data/vi_speaker_44100_789/train.list', 'validation_files': '/content/vits2-melo/melo/data/vi_speaker_44100_789/val.list', 'max_wav_value': 32768.0, 'sampling_rate': 44100, 'filter_length': 2048, 'hop_length': 512, 'win_length': 2048, 'n_mel_channels': 128, 'mel_fmin': 0.0, 'mel_fmax': None, 'add_blank': True, 'n_speakers': 256, 'cleaned_text': True, 'spk2id': {'VI-default': 0}}, 'model': {'use_spk_conditioned_encoder': True, 'use_noise_scaled_mas': True, 'use_mel_posterior_encoder': False, 'use_duration_discriminator': True, 'inter_channels': 192, 'hidden_channels': 192, 'filter_channels': 768, 'n_heads': 2, 'n_layers': 6, 'n_layers_trans_flow': 3, 'kernel_size': 3, 'p_dropout': 0.1, 'resblock': '1', 'resblock_kernel_sizes': [3, 7, 11], 'resblock_dilation_sizes': [[1, 3, 5], [1, 3, 5], [1, 3, 5]], 'upsample_rates': [8, 8, 2, 2, 2], 'upsample_initial_channel': 512, 'upsample_kernel_sizes': [16, 16, 8, 2, 2], 'n_layers_q': 3, 'use_spectral_norm': False, 'gin_channels': 256}, 'device': 'cuda:0', 'num_languages': 10, 'num_tones': 24, 'symbols': ['_', '"', '(', ')', '*', '/', ':', 'AA', 'E', 'EE', 'En', 'N', 'OO', 'Q', 'V', '[', '\\', ']', '^', 'a', 'a:', 'aa', 'ae', 'ah', 'ai', 'an', 'ang', 'ao', 'aw', 'ay', 'b', 'by', 'c', 'ch', 'd', 'dh', 'dy', 'e', 'e:', 'eh', 'ei', 'en', 'eng', 'er', 'ey', 'f', 'g', 'gy', 'h', 'hh', 'hy', 'i', 'i0', 'i:', 'ia', 'ian', 'iang', 'iao', 'ie', 'ih', 'in', 'ing', 'iong', 'ir', 'iu', 'iy', 'j', 'jh', 'k', 'ky', 'l', 'm', 'my', 'n', 'ng', 'ny', 'o', 'o:', 'ong', 'ou', 'ow', 'oy', 'p', 'py', 'q', 'r', 'ry', 's', 'sh', 't', 'th', 'ts', 'ty', 'u', 'u:', 'ua', 'uai', 'uan', 'uang', 'uh', 'ui', 'un', 'uo', 'uw', 'v', 'van', 've', 'vn', 'w', 'x', 'y', 'z', 'zh', 'zy', '~', '¡', '¿', 'æ', 'ç', 'ð', 'ø', 'ŋ', 'œ', 'ɐ', 'ɑ', 'ɒ', 'ɔ', 'ɕ', 'ə', 'ɛ', 'ɜ', 'ɡ', 'ɣ', 'ɥ', 'ɦ', 'ɪ', 'ɫ', 'ɬ', 'ɭ', 'ɯ', 'ɲ', 'ɵ', 'ɸ', 'ɹ', 'ɾ', 'ʁ', 'ʃ', 'ʊ', 'ʌ', 'ʎ', 'ʏ', 'ʑ', 'ʒ', 'ʝ', 'ʲ', 'ˈ', 'ˌ', 'ː', '̃', '̩', 'β', 'θ', 'ᄀ', 'k͡p', 'ˈa', 'ɤ', 'ˈɛ', 'ˈi', 'ă', 'ˈe', 'ʔ', 'ŋ͡m', 'tʰ', 'ɤ̆', 'ᄌ', 'ᄍ', 'ᄎ', 'ᄏ', 'ᄐ', 'ᄑ', 'ᄒ', 'ᅡ', 'ᅢ', 'ᅣ', 'ᅤ', 'ᅥ', 'ᅦ', 'ᅧ', 'ᅨ', 'ᅩ', 'ᅪ', 'ᅫ', 'ᅬ', 'ᅭ', 'ᅮ', 'ᅯ', 'ᅰ', 'ᅱ', 'ᅲ', 'ᅳ', 'ᅴ', 'ᅵ', 'ᆨ', 'ᆫ', 'ᆮ', 'ᆯ', 'ᆷ', 'ᆸ', 'ᆼ', 'ㄸ', '!', '?', '…', ',', '.', "'", '-', 'SP', 'UNK'], 'model_dir': './logs/vi_speaker_789', 'pretrain_G': None, 'pretrain_D': None, 'pretrain_dur': None, 'port': 10000}
2026-06-16 01:02:52,202	vi_speaker_789	WARNING	/content/vits2-melo/melo is not a git repository, therefore hash value comparison will be ignored.
2026-06-16 01:02:57,373	vi_speaker_789	INFO	Loaded checkpoint './logs/vi_speaker_789/DUR_114000.pth' (iteration 64)
2026-06-16 01:03:00,423	vi_speaker_789	INFO	Loaded checkpoint './logs/vi_speaker_789/G_114000.pth' (iteration 64)
2026-06-16 01:03:02,587	vi_speaker_789	INFO	Loaded checkpoint './logs/vi_speaker_789/D_114000.pth' (iteration 64)
2026-06-16 01:06:51,532	vi_speaker_789	INFO	Train Epoch: 64 [5%]
2026-06-16 01:06:51,535	vi_speaker_789	INFO	[2.069500684738159, 2.8776566982269287, 13.476594924926758, 16.087095260620117, 1.723637580871582, 1.3630872964859009, 112600, 0.0002]
2026-06-16 01:13:22,098	vi_speaker_789	INFO	Train Epoch: 64 [16%]
2026-06-16 01:13:22,102	vi_speaker_789	INFO	[2.274688243865967, 2.5905346870422363, 13.159926414489746, 16.336639404296875, 1.689499855041504, 1.2552865743637085, 112800, 0.0002]
2026-06-16 01:19:36,324	vi_speaker_789	INFO	Train Epoch: 64 [27%]
2026-06-16 01:19:36,328	vi_speaker_789	INFO	[2.094994068145752, 2.74290132522583, 13.897177696228027, 16.492610931396484, 1.733741283416748, 1.493364691734314, 113000, 0.0002]
2026-06-16 01:25:35,470	vi_speaker_789	INFO	Train Epoch: 64 [38%]
2026-06-16 01:25:35,474	vi_speaker_789	INFO	[1.9991097450256348, 2.85038685798645, 16.164003372192383, 18.17612648010254, 1.701060175895691, 1.240006446838379, 113200, 0.0002]
2026-06-16 01:31:30,277	vi_speaker_789	INFO	Train Epoch: 64 [49%]
2026-06-16 01:31:30,279	vi_speaker_789	INFO	[2.1247451305389404, 2.699575901031494, 13.820414543151855, 16.681529998779297, 1.6881654262542725, 1.2252360582351685, 113400, 0.0002]
2026-06-16 01:37:11,707	vi_speaker_789	INFO	Train Epoch: 64 [61%]
2026-06-16 01:37:11,711	vi_speaker_789	INFO	[2.0344743728637695, 2.8970487117767334, 13.966861724853516, 15.818354606628418, 1.5294376611709595, 1.1499406099319458, 113600, 0.0002]
2026-06-16 01:42:48,498	vi_speaker_789	INFO	Train Epoch: 64 [72%]
2026-06-16 01:42:48,503	vi_speaker_789	INFO	[2.0748462677001953, 3.016058921813965, 17.21837043762207, 18.4580078125, 1.6867496967315674, 1.277192234992981, 113800, 0.0002]
2026-06-16 01:48:34,614	vi_speaker_789	INFO	Train Epoch: 64 [83%]
2026-06-16 01:48:34,616	vi_speaker_789	INFO	[2.0381863117218018, 2.8869941234588623, 12.290141105651855, 13.94073486328125, 1.6372089385986328, 1.4127838611602783, 114000, 0.0002]
2026-06-16 01:57:00,562	vi_speaker_789	INFO	Saving model and optimizer state at iteration 64 to ./logs/vi_speaker_789/G_114000.pth
2026-06-16 01:58:16,183	vi_speaker_789	INFO	Saving model and optimizer state at iteration 64 to ./logs/vi_speaker_789/D_114000.pth
2026-06-16 01:59:28,412	vi_speaker_789	INFO	Saving model and optimizer state at iteration 64 to ./logs/vi_speaker_789/DUR_114000.pth
2026-06-16 02:05:10,007	vi_speaker_789	INFO	Train Epoch: 64 [94%]
2026-06-16 02:05:10,009	vi_speaker_789	INFO	[2.0278544425964355, 2.9144747257232666, 15.976582527160645, 17.116680145263672, 1.6248778104782104, 1.217054009437561, 114200, 0.0002]
2026-06-16 02:07:59,021	vi_speaker_789	INFO	====> Epoch: 64
2026-06-16 02:10:51,055	vi_speaker_789	INFO	Train Epoch: 65 [5%]
2026-06-16 02:10:51,058	vi_speaker_789	INFO	[2.1797006130218506, 2.971742630004883, 14.296610832214355, 17.16615867614746, 1.6417903900146484, 1.4817970991134644, 114400, 0.000199975]
2026-06-16 02:16:16,127	vi_speaker_789	INFO	Train Epoch: 65 [17%]
2026-06-16 02:16:16,131	vi_speaker_789	INFO	[2.130685329437256, 2.7720694541931152, 16.144107818603516, 17.489961624145508, 1.57802152633667, 1.1255590915679932, 114600, 0.000199975]
2026-06-16 02:21:50,187	vi_speaker_789	INFO	Train Epoch: 65 [28%]
2026-06-16 02:21:50,191	vi_speaker_789	INFO	[1.925370216369629, 3.0820040702819824, 16.629610061645508, 17.288972854614258, 1.6472246646881104, 1.1984001398086548, 114800, 0.000199975]
2026-06-16 02:27:16,965	vi_speaker_789	INFO	Train Epoch: 65 [39%]
2026-06-16 02:27:16,967	vi_speaker_789	INFO	[2.189791440963745, 2.5999083518981934, 14.284734725952148, 16.287992477416992, 1.5610496997833252, 1.323316216468811, 115000, 0.000199975]
2026-06-16 02:32:50,815	vi_speaker_789	INFO	Train Epoch: 65 [50%]
2026-06-16 02:32:50,817	vi_speaker_789	INFO	[2.2591052055358887, 2.762118339538574, 11.806769371032715, 14.464922904968262, 1.6395591497421265, 1.1154794692993164, 115200, 0.000199975]
2026-06-16 02:38:20,312	vi_speaker_789	INFO	Train Epoch: 65 [61%]
2026-06-16 02:38:20,316	vi_speaker_789	INFO	[1.8777177333831787, 3.0939297676086426, 16.788677215576172, 17.729578018188477, 1.6213549375534058, 1.2732465267181396, 115400, 0.000199975]
2026-06-16 02:43:45,141	vi_speaker_789	INFO	Train Epoch: 65 [73%]
2026-06-16 02:43:45,146	vi_speaker_789	INFO	[2.081202745437622, 3.017758846282959, 15.244843482971191, 18.04850196838379, 1.6356017589569092, 1.1325485706329346, 115600, 0.000199975]
2026-06-16 02:49:19,259	vi_speaker_789	INFO	Train Epoch: 65 [84%]
2026-06-16 02:49:19,262	vi_speaker_789	INFO	[1.917519211769104, 2.9125256538391113, 15.518310546875, 17.693822860717773, 1.6601977348327637, 1.1064751148223877, 115800, 0.000199975]
2026-06-16 02:54:50,003	vi_speaker_789	INFO	Train Epoch: 65 [95%]
2026-06-16 02:54:50,007	vi_speaker_789	INFO	[2.20975923538208, 2.572890281677246, 13.097901344299316, 15.171411514282227, 1.5895662307739258, 1.2100317478179932, 116000, 0.000199975]
2026-06-16 03:01:18,994	vi_speaker_789	INFO	Saving model and optimizer state at iteration 65 to ./logs/vi_speaker_789/G_116000.pth
2026-06-16 03:02:39,527	vi_speaker_789	INFO	Saving model and optimizer state at iteration 65 to ./logs/vi_speaker_789/D_116000.pth
2026-06-16 03:04:02,808	vi_speaker_789	INFO	Saving model and optimizer state at iteration 65 to ./logs/vi_speaker_789/DUR_116000.pth
2026-06-16 03:06:33,422	vi_speaker_789	INFO	====> Epoch: 65
2026-06-16 03:09:49,502	vi_speaker_789	INFO	Train Epoch: 66 [6%]
2026-06-16 03:09:50,722	vi_speaker_789	INFO	[2.1799099445343018, 2.6014959812164307, 14.379266738891602, 17.810747146606445, 1.6024811267852783, 1.4946221113204956, 116200, 0.000199950003125]
2026-06-16 03:15:23,041	vi_speaker_789	INFO	Train Epoch: 66 [17%]
2026-06-16 03:15:23,045	vi_speaker_789	INFO	[2.163770914077759, 2.8627164363861084, 15.14406967163086, 16.644407272338867, 1.6092169284820557, 1.1939353942871094, 116400, 0.000199950003125]
2026-06-16 03:21:00,554	vi_speaker_789	INFO	Train Epoch: 66 [29%]
2026-06-16 03:21:01,383	vi_speaker_789	INFO	[2.0694215297698975, 3.0404610633850098, 16.78551483154297, 18.68672752380371, 1.6615490913391113, 1.432324767112732, 116600, 0.000199950003125]
2026-06-16 03:26:44,095	vi_speaker_789	INFO	Train Epoch: 66 [40%]
2026-06-16 03:26:44,115	vi_speaker_789	INFO	[2.1258187294006348, 2.6489124298095703, 13.309082984924316, 16.411949157714844, 1.6710067987442017, 1.1865103244781494, 116800, 0.000199950003125]
2026-06-16 03:32:24,507	vi_speaker_789	INFO	Train Epoch: 66 [51%]
2026-06-16 03:32:24,509	vi_speaker_789	INFO	[1.911548137664795, 3.086534023284912, 16.765365600585938, 18.3894100189209, 1.619685173034668, 1.220109462738037, 117000, 0.000199950003125]
2026-06-16 03:38:04,203	vi_speaker_789	INFO	Train Epoch: 66 [62%]
2026-06-16 03:38:04,207	vi_speaker_789	INFO	[2.0420939922332764, 2.966581106185913, 15.387243270874023, 16.95533561706543, 1.6284046173095703, 1.257230520248413, 117200, 0.000199950003125]
2026-06-16 03:43:40,978	vi_speaker_789	INFO	Train Epoch: 66 [73%]
2026-06-16 03:43:40,979	vi_speaker_789	INFO	[1.9158644676208496, 2.939382553100586, 16.271162033081055, 17.88945198059082, 1.6183557510375977, 1.1165164709091187, 117400, 0.000199950003125]
2026-06-16 03:49:20,362	vi_speaker_789	INFO	Train Epoch: 66 [85%]
2026-06-16 03:49:20,393	vi_speaker_789	INFO	[1.9422754049301147, 3.2487595081329346, 16.887813568115234, 18.966398239135742, 1.6466341018676758, 0.900030791759491, 117600, 0.000199950003125]
2026-06-16 03:55:02,341	vi_speaker_789	INFO	Train Epoch: 66 [96%]
2026-06-16 03:55:02,342	vi_speaker_789	INFO	[2.254974365234375, 2.5421059131622314, 12.054250717163086, 16.42588233947754, 1.619689702987671, 1.3915156126022339, 117800, 0.000199950003125]
2026-06-16 03:57:05,458	vi_speaker_789	INFO	====> Epoch: 66
2026-06-16 04:00:50,125	vi_speaker_789	INFO	Train Epoch: 67 [7%]
2026-06-16 04:00:50,129	vi_speaker_789	INFO	[1.9985077381134033, 3.187565803527832, 16.505170822143555, 18.472442626953125, 1.5892410278320312, 1.5282727479934692, 118000, 0.00019992500937460937]
2026-06-16 04:06:28,299	vi_speaker_789	INFO	Saving model and optimizer state at iteration 67 to ./logs/vi_speaker_789/G_118000.pth
2026-06-16 04:07:54,108	vi_speaker_789	INFO	Saving model and optimizer state at iteration 67 to ./logs/vi_speaker_789/D_118000.pth
2026-06-16 04:09:16,204	vi_speaker_789	INFO	Saving model and optimizer state at iteration 67 to ./logs/vi_speaker_789/DUR_118000.pth
2026-06-16 04:09:17,056	vi_speaker_789	INFO	.. Free up space by deleting ckpt ./logs/vi_speaker_789/D_114000.pth
2026-06-16 04:14:57,456	vi_speaker_789	INFO	Train Epoch: 67 [18%]
2026-06-16 04:14:57,460	vi_speaker_789	INFO	[1.8860745429992676, 3.1652352809906006, 17.083744049072266, 19.084217071533203, 1.5869507789611816, 1.6149263381958008, 118200, 0.00019992500937460937]
2026-06-16 04:20:36,312	vi_speaker_789	INFO	Train Epoch: 67 [29%]
2026-06-16 04:20:37,989	vi_speaker_789	INFO	[2.0464468002319336, 2.695979118347168, 14.065714836120605, 16.820110321044922, 1.6125510931015015, 1.2915631532669067, 118400, 0.00019992500937460937]
2026-06-16 04:26:21,796	vi_speaker_789	INFO	Train Epoch: 67 [41%]
2026-06-16 04:26:22,511	vi_speaker_789	INFO	[2.1907286643981934, 2.7945072650909424, 14.389619827270508, 16.18257713317871, 1.649794101715088, 1.65714693069458, 118600, 0.00019992500937460937]
2026-06-16 04:32:02,390	vi_speaker_789	INFO	Train Epoch: 67 [52%]
2026-06-16 04:32:02,393	vi_speaker_789	INFO	[2.2825815677642822, 2.711282968521118, 13.404655456542969, 14.679335594177246, 1.6290873289108276, 1.3809477090835571, 118800, 0.00019992500937460937]
2026-06-16 04:37:46,523	vi_speaker_789	INFO	Train Epoch: 67 [63%]
2026-06-16 04:37:46,529	vi_speaker_789	INFO	[2.0792410373687744, 2.7990949153900146, 15.504401206970215, 16.624635696411133, 1.657155156135559, 1.4559448957443237, 119000, 0.00019992500937460937]
2026-06-16 04:43:28,796	vi_speaker_789	INFO	Train Epoch: 67 [74%]
2026-06-16 04:43:28,798	vi_speaker_789	INFO	[1.7998874187469482, 3.29353666305542, 16.898536682128906, 17.850162506103516, 1.6824767589569092, 1.2186607122421265, 119200, 0.00019992500937460937]
2026-06-16 04:49:13,641	vi_speaker_789	INFO	Train Epoch: 67 [85%]
2026-06-16 04:49:13,644	vi_speaker_789	INFO	[1.817828893661499, 3.0717201232910156, 16.640031814575195, 17.617897033691406, 1.633577823638916, 1.1610901355743408, 119400, 0.00019992500937460937]
2026-06-16 04:54:46,343	vi_speaker_789	INFO	Train Epoch: 67 [97%]
2026-06-16 04:54:46,346	vi_speaker_789	INFO	[2.133582830429077, 2.6440486907958984, 12.574033737182617, 15.40135383605957, 1.6161340475082397, 1.3869637250900269, 119600, 0.00019992500937460937]
2026-06-16 04:56:27,732	vi_speaker_789	INFO	====> Epoch: 67
2026-06-16 05:00:38,064	vi_speaker_789	INFO	Train Epoch: 68 [8%]
2026-06-16 05:00:38,088	vi_speaker_789	INFO	[1.8221244812011719, 3.1402924060821533, 15.9495849609375, 18.71223258972168, 1.5966302156448364, 1.1909364461898804, 119800, 0.00019990001874843754]
2026-06-16 05:06:25,040	vi_speaker_789	INFO	Train Epoch: 68 [19%]
2026-06-16 05:06:25,044	vi_speaker_789	INFO	[2.0948827266693115, 2.8657619953155518, 15.996007919311523, 18.429983139038086, 1.6759514808654785, 0.8733368515968323, 120000, 0.00019990001874843754]
2026-06-16 05:11:54,838	vi_speaker_789	INFO	Saving model and optimizer state at iteration 68 to ./logs/vi_speaker_789/G_120000.pth
2026-06-16 05:13:14,628	vi_speaker_789	INFO	Saving model and optimizer state at iteration 68 to ./logs/vi_speaker_789/D_120000.pth
2026-06-16 05:14:34,471	vi_speaker_789	INFO	Saving model and optimizer state at iteration 68 to ./logs/vi_speaker_789/DUR_120000.pth
2026-06-16 05:14:37,371	vi_speaker_789	INFO	.. Free up space by deleting ckpt ./logs/vi_speaker_789/DUR_114000.pth
2026-06-16 05:14:37,373	vi_speaker_789	INFO	.. Free up space by deleting ckpt ./logs/vi_speaker_789/D_116000.pth
2026-06-16 05:20:11,713	vi_speaker_789	INFO	Train Epoch: 68 [30%]
2026-06-16 05:20:13,004	vi_speaker_789	INFO	[2.2093136310577393, 2.773845911026001, 12.95259952545166, 15.917793273925781, 1.6706229448318481, 1.2966312170028687, 120200, 0.00019990001874843754]
2026-06-16 05:25:55,185	vi_speaker_789	INFO	Train Epoch: 68 [41%]
2026-06-16 05:25:55,190	vi_speaker_789	INFO	[2.0220701694488525, 2.8609137535095215, 14.39307975769043, 16.001956939697266, 1.586338758468628, 1.1336593627929688, 120400, 0.00019990001874843754]
2026-06-16 05:31:32,836	vi_speaker_789	INFO	Train Epoch: 68 [53%]
2026-06-16 05:31:32,841	vi_speaker_789	INFO	[2.2354791164398193, 2.650068759918213, 13.114873886108398, 15.77413272857666, 1.666943907737732, 1.2451385259628296, 120600, 0.00019990001874843754]
2026-06-16 05:37:18,507	vi_speaker_789	INFO	Train Epoch: 68 [64%]
2026-06-16 05:37:18,510	vi_speaker_789	INFO	[2.1970083713531494, 2.652524471282959, 10.967082023620605, 13.117816925048828, 1.6339664459228516, 0.9012029767036438, 120800, 0.00019990001874843754]
2026-06-16 05:43:00,639	vi_speaker_789	INFO	Train Epoch: 68 [75%]
2026-06-16 05:43:00,643	vi_speaker_789	INFO	[2.275970458984375, 2.610333204269409, 12.454076766967773, 14.577892303466797, 1.6149406433105469, 1.1516495943069458, 121000, 0.00019990001874843754]
